日期,一手房成交面积,一手房成交量,二手房成交面积,二手房成交量,weekofyear
2023-03-05,13536.29,140.0,2144.11,23.0,9
2023-03-04,13688.55,139.0,2679.53,28.0,9
2023-03-03,13470.9,122.0,16019.71,174.0,9
2023-03-02,11200.53,113.0,12081.01,127.0,9
2023-03-01,7349.27,71.0,13842.01,145.0,9
2023-02-28,6426.67,55.0,14679.66,159.0,9
2023-02-27,3912.14,37.0,13730.5,143.0,9
2023-02-26,8281.16,86.0,1495.51,18.0,8
2023-02-25,11243.92,106.0,1286.71,17.0,8
2023-02-24,14796.7,137.0,13400.2,143.0,8
2023-02-23,10823.96,95.0,15142.11,166.0,8
2023-02-22,6643.42,67.0,11615.92,128.0,8
2023-02-21,7746.45,51.0,11783.57,136.0,8
2023-02-20,4033.76,41.0,13346.18,145.0,8
2023-02-19,8535.15,85.0,1651.21,19.0,7
2023-02-18,8071.48,74.0,2270.41,24.0,7
2023-02-17,11971.15,113.0,9439.28,102.0,7
2023-02-16,10953.15,87.0,11701.25,122.0,7
2023-02-15,5590.71,58.0,13440.04,135.0,7
2023-02-14,3412.21,30.0,13513.48,139.0,7
2023-02-13,3410.22,35.0,10743.46,116.0,7
2023-02-12,5932.67,60.0,2175.63,21.0,6
2023-02-11,9786.78,89.0,2140.2,23.0,6
2023-02-10,8691.15,82.0,9555.15,97.0,6
2023-02-09,5936.11,57.0,10719.77,119.0,6
2023-02-08,22988.32,166.0,10726.5,105.0,6
2023-02-07,3079.19,31.0,11367.29,110.0,6
2023-02-06,3076.52,32.0,8071.67,82.0,6
2023-02-05,5303.26,53.0,859.14,10.0,5
2023-02-04,8982.71,88.0,560.75,7.0,5
2023-02-03,9570.13,95.0,7961.15,83.0,5
2023-02-02,5764.65,61.0,7857.1,83.0,5
2023-02-01,6456.5,70.0,7380.08,87.0,5
2023-01-31,5328.41,56.0,8727.06,92.0,5
2023-01-30,4431.58,48.0,6210.29,64.0,5
2023-01-29,3297.34,34.0,5009.39,57.0,4
2023-01-28,0.0,0.0,2375.9,23.0,4
2023-01-20,8252.97,76.0,1942.51,19.0,3
2023-01-19,8669.98,84.0,3737.62,37.0,3
2023-01-18,9230.77,92.0,3879.11,37.0,3
2023-01-17,3720.09,39.0,4220.7,48.0,3
2023-01-16,4245.6,46.0,5571.33,57.0,3
2023-01-15,9550.01,91.0,723.36,8.0,2
2023-01-14,10988.84,114.0,804.84,10.0,2
2023-01-13,11527.1,120.0,8018.23,87.0,2
2023-01-12,10066.12,103.0,8014.88,92.0,2
2023-01-11,7673.82,79.0,8660.76,95.0,2
2023-01-10,5132.8,52.0,12332.23,129.0,2
2023-01-09,6588.75,70.0,10557.06,102.0,2
2023-01-08,11089.82,107.0,1027.78,13.0,1
2023-01-07,10817.08,112.0,1299.79,15.0,1
2023-01-06,9214.43,97.0,10251.58,107.0,1
2023-01-05,7410.72,74.0,9851.57,110.0,1
2023-01-04,2338.11,25.0,9682.53,101.0,1
2023-01-03,1811.28,19.0,8200.21,85.0,1
2023-01-02,2903.58,28.0,775.6,9.0,1
2023-01-01,6256.94,62.0,316.49,2.0,1
2022-12-31,12207.77,111.0,610.62,6.0,52
2022-12-30,6456.3,65.0,9074.04,81.0,52
2022-12-29,18999.82,390.0,6531.21,69.0,52
2022-12-28,9664.02,98.0,8335.19,83.0,52
2022-12-27,4528.41,43.0,8153.71,85.0,52
2022-12-26,3913.9,41.0,7902.34,79.0,52
2022-12-25,7472.41,74.0,769.96,7.0,51
2022-12-24,6218.5,63.0,691.25,8.0,51
2022-12-23,9252.54,94.0,5612.25,58.0,51
2022-12-22,9163.93,90.0,8252.27,80.0,51
2022-12-21,5831.24,63.0,9761.79,100.0,51
2022-12-20,3236.08,32.0,7267.06,80.0,51
2022-12-19,3396.0,34.0,9628.39,105.0,51
2022-12-18,7918.99,75.0,1211.16,14.0,50
2022-12-17,8988.86,92.0,1368.96,13.0,50
2022-12-16,10656.9,107.0,8602.14,98.0,50
2022-12-15,11183.35,113.0,10646.0,109.0,50
2022-12-14,8001.08,79.0,10705.72,103.0,50
2022-12-13,6644.47,65.0,10615.94,111.0,50
2022-12-12,8988.75,87.0,9213.91,98.0,50
2022-12-11,13054.23,127.0,409.75,5.0,49
2022-12-10,14808.21,143.0,545.25,7.0,49
2022-12-09,14981.44,144.0,8174.42,92.0,49
2022-12-08,11331.03,110.0,9458.87,107.0,49
2022-12-07,9150.24,89.0,11323.88,110.0,49
2022-12-06,6002.46,59.0,10040.9,98.0,49
2022-12-05,3081.64,30.0,8654.89,90.0,49
2022-12-04,7966.98,79.0,545.25,5.0,48
2022-12-03,6921.38,71.0,1241.16,14.0,48
2022-12-02,8038.97,85.0,8746.92,95.0,48
2022-12-01,9319.23,98.0,9677.83,91.0,48
2022-11-30,9053.85,104.0,9068.23,103.0,48
2022-11-29,4115.84,42.0,11346.8,131.0,48
2022-11-28,4406.28,46.0,10380.92,114.0,48
2022-11-27,7390.53,78.0,398.24,5.0,47
2022-11-26,7895.11,79.0,767.75,9.0,47
2022-11-25,11365.48,112.0,8117.02,87.0,47
2022-11-24,7433.96,72.0,7900.7,86.0,47
2022-11-23,8711.31,84.0,9227.52,100.0,47
2022-11-22,4687.38,49.0,9393.87,108.0,47
2022-11-21,4671.9,48.0,9779.31,99.0,47
2022-11-20,7925.6,81.0,311.1,3.0,46
2022-11-19,9812.71,96.0,1044.7,10.0,46
2022-11-18,12546.56,127.0,10107.68,102.0,46
2022-11-17,9765.02,97.0,10776.6,100.0,46
2022-11-16,8715.18,89.0,7737.13,78.0,46
2022-11-15,9081.83,87.0,10194.19,97.0,46
2022-11-14,7337.58,75.0,9776.08,110.0,46
2022-11-13,12105.28,122.0,119.77,1.0,45
2022-11-12,10566.61,107.0,1221.49,10.0,45
2022-11-11,10566.91,104.0,7958.67,75.0,45
2022-11-10,9720.21,101.0,9278.8,104.0,45
2022-11-09,9894.43,98.0,8536.46,91.0,45
2022-11-08,5369.3,53.0,9099.11,96.0,45
2022-11-07,5580.85,60.0,9398.93,101.0,45
2022-11-06,10867.93,95.0,386.11,7.0,44
2022-11-05,14879.77,133.0,611.52,9.0,44
2022-11-04,11171.8,114.0,10126.57,95.0,44
2022-11-03,12313.1,123.0,9366.53,87.0,44
2022-11-02,7345.0,73.0,7964.4,88.0,44
2022-11-01,3938.56,41.0,8366.52,95.0,44
2022-10-31,5041.72,52.0,8577.24,101.0,44
2022-10-30,11409.36,120.0,824.52,7.0,43
2022-10-29,11350.31,112.0,1407.08,17.0,43
2022-10-28,13259.69,131.0,8614.46,85.0,43
2022-10-27,11059.69,113.0,10354.73,107.0,43
2022-10-26,11770.4,118.0,9581.04,98.0,43
2022-10-25,6537.35,61.0,9453.63,102.0,43
2022-10-24,6914.74,69.0,8293.79,92.0,43
2022-10-23,11353.79,119.0,119.45,1.0,42
2022-10-22,10813.51,116.0,827.64,8.0,42
2022-10-21,12083.04,124.0,9954.41,90.0,42
2022-10-20,11693.68,118.0,7489.64,79.0,42
2022-10-19,12679.7,127.0,10576.04,108.0,42
2022-10-18,9105.27,97.0,10421.87,114.0,42
2022-10-17,10952.09,115.0,6460.57,74.0,42
2022-10-16,15070.29,157.0,981.13,8.0,41
2022-10-15,16315.65,172.0,991.67,10.0,41
2022-10-14,16611.2,174.0,8994.14,98.0,41
2022-10-13,19224.94,195.0,8070.48,88.0,41
2022-10-12,16922.26,175.0,8765.02,85.0,41
2022-10-11,15540.58,156.0,8942.96,92.0,41
2022-10-10,10466.51,114.0,9023.8,96.0,41
2022-10-09,7292.11,79.0,9530.55,99.0,40
2022-10-08,2644.64,28.0,7090.01,80.0,40
2022-10-07,1516.38,16.0,445.38,5.0,40
2022-10-06,2391.28,26.0,0.0,0.0,40
2022-10-05,1473.42,15.0,0.0,0.0,40
2022-10-04,3210.18,33.0,164.31,2.0,40
2022-10-03,11152.5,94.0,59.74,1.0,40
2022-10-02,15023.96,122.0,265.45,2.0,39
2022-10-01,21010.29,180.0,438.02,5.0,39
2022-09-30,28729.43,219.0,6141.38,70.0,39
2022-09-29,26518.15,203.0,8879.52,87.0,39
2022-09-28,19790.25,157.0,7516.05,80.0,39
2022-09-27,19775.49,172.0,7362.02,83.0,39
2022-09-26,14352.94,118.0,7335.63,76.0,39
2022-09-25,8580.71,75.0,177.14,2.0,38
2022-09-24,6340.53,67.0,687.6,9.0,38
2022-09-23,11840.05,128.0,8000.8,88.0,38
2022-09-22,10815.65,114.0,8415.15,91.0,38
2022-09-21,10072.73,105.0,8673.6,93.0,38
2022-09-20,5025.5,54.0,8020.37,80.0,38
2022-09-19,39207.26,422.0,8266.7,88.0,38
2022-09-18,11284.74,119.0,247.15,3.0,37
2022-09-17,13233.94,140.0,766.39,11.0,37
2022-09-16,15813.57,169.0,8208.11,95.0,37
2022-09-15,12197.88,125.0,8556.57,91.0,37
2022-09-14,7938.29,84.0,9491.24,93.0,37
2022-09-13,7628.95,77.0,9884.58,110.0,37
2022-09-12,6448.47,69.0,293.71,5.0,37
2022-09-11,11680.88,127.0,308.66,4.0,36
2022-09-10,12866.51,142.0,1035.56,10.0,36
2022-09-09,13266.59,140.0,7685.81,79.0,36
2022-09-08,9818.58,98.0,6131.5,61.0,36
2022-09-07,7946.12,85.0,5629.96,54.0,36
2022-09-06,5317.75,59.0,7397.34,72.0,36
2022-09-05,5982.42,63.0,7774.05,86.0,36
2022-09-04,7541.0,81.0,157.42,2.0,35
2022-09-03,10283.6,100.0,588.32,7.0,35
2022-09-02,10161.83,98.0,6226.74,66.0,35
2022-09-01,6482.57,67.0,5753.89,59.0,35
2022-08-31,7849.91,79.0,5675.38,54.0,35
2022-08-30,3665.54,37.0,5220.3,55.0,35
2022-08-29,4734.14,43.0,6952.6,71.0,35
2022-08-28,4923.93,50.0,273.26,3.0,34
2022-08-27,8167.93,80.0,1382.56,12.0,34
2022-08-26,8038.02,81.0,9397.09,89.0,34
2022-08-25,10641.91,103.0,7932.66,84.0,34
2022-08-24,5439.41,54.0,9119.58,97.0,34
2022-08-23,3849.46,40.0,9828.8,105.0,34
2022-08-22,3686.28,37.0,7874.12,84.0,34
2022-08-21,4652.39,44.0,0.0,0.0,33
2022-08-20,5310.64,58.0,0.0,0.0,33
2022-08-19,6721.47,64.0,8621.49,95.0,33
2022-08-18,9534.95,91.0,8715.18,84.0,33
2022-08-17,8422.4,84.0,8393.78,88.0,33
2022-08-16,3711.08,38.0,8115.44,83.0,33
2022-08-15,4502.3,44.0,8892.34,94.0,33
2022-08-14,6920.17,72.0,249.66,4.0,32
2022-08-13,11375.35,110.0,323.12,4.0,32
2022-08-12,7884.37,78.0,8540.14,79.0,32
2022-08-11,9176.32,97.0,8697.58,83.0,32
2022-08-10,6739.43,73.0,8174.7,88.0,32
2022-08-09,3771.67,39.0,7754.17,86.0,32
2022-08-08,4817.68,48.0,8180.13,84.0,32
2022-08-07,10143.73,106.0,335.59,4.0,31
2022-08-06,10465.36,109.0,277.98,4.0,31
2022-08-05,13182.94,137.0,8803.49,100.0,31
2022-08-04,12189.15,127.0,9792.81,106.0,31
2022-08-03,61409.66,490.0,10734.14,111.0,31
2022-08-02,7659.03,74.0,8051.01,84.0,31
2022-08-01,6208.89,64.0,10362.6,100.0,31
2022-07-31,9747.97,99.0,975.5,9.0,30
2022-07-30,11781.02,117.0,572.22,6.0,30
2022-07-29,8407.05,77.0,10748.25,115.0,30
2022-07-28,10532.2,109.0,8084.89,83.0,30
2022-07-27,9743.74,87.0,7494.56,69.0,30
2022-07-26,3479.55,33.0,5742.61,61.0,30
2022-07-25,5350.97,54.0,8413.4,86.0,30
2022-07-24,9429.52,97.0,779.86,6.0,29
2022-07-23,11545.5,111.0,1597.75,10.0,29
2022-07-22,13368.4,131.0,8959.23,97.0,29
2022-07-21,9269.05,94.0,8154.15,94.0,29
2022-07-20,8525.23,77.0,8790.65,90.0,29
2022-07-19,7166.28,75.0,9633.45,95.0,29
2022-07-18,9581.14,98.0,10373.39,97.0,29
2022-07-17,11899.97,116.0,239.53,2.0,28
2022-07-16,14268.96,137.0,294.62,4.0,28
2022-07-15,9967.07,98.0,10829.96,100.0,28
2022-07-14,11371.74,106.0,11293.14,113.0,28
2022-07-13,11746.34,114.0,10023.68,106.0,28
2022-07-12,10384.8,106.0,9231.28,97.0,28
2022-07-11,9988.38,100.0,9666.12,110.0,28
2022-07-10,16591.44,157.0,335.22,3.0,27
2022-07-09,17265.07,167.0,848.88,9.0,27
2022-07-08,18281.53,167.0,12565.43,119.0,27
2022-07-07,19087.41,179.0,9382.62,105.0,27
2022-07-06,15732.17,141.0,9866.27,99.0,27
2022-07-05,10238.14,97.0,10308.86,101.0,27
2022-07-04,11285.65,96.0,9480.58,103.0,27
2022-07-03,14194.81,122.0,0.0,0.0,26
2022-07-02,17240.11,149.0,313.17,3.0,26
2022-07-01,863.69,7.0,7062.9,79.0,26
2022-06-30,38769.04,298.0,10160.71,99.0,26
2022-06-29,16169.96,149.0,10812.62,104.0,26
2022-06-28,13290.45,113.0,8442.66,92.0,26
2022-06-27,10572.72,81.0,8644.86,96.0,26
2022-06-26,17355.83,155.0,693.3,8.0,25
2022-06-25,13623.32,132.0,690.03,7.0,25
2022-06-24,14377.39,135.0,10200.49,99.0,25
2022-06-23,11494.81,118.0,10053.25,109.0,25
2022-06-22,12446.04,119.0,11025.92,116.0,25
2022-06-21,5871.85,50.0,12518.79,131.0,25
2022-06-20,3989.41,38.0,10715.85,119.0,25
2022-06-19,7164.69,63.0,386.42,6.0,24
2022-06-18,7779.64,73.0,1386.54,14.0,24
2022-06-17,11141.55,106.0,9149.56,90.0,24
2022-06-16,12034.79,113.0,10461.12,100.0,24
2022-06-15,11284.32,108.0,9189.81,99.0,24
2022-06-14,5640.52,54.0,10824.56,110.0,24
2022-06-13,6771.05,60.0,9371.93,98.0,24
2022-06-12,11530.22,104.0,736.35,6.0,23
2022-06-11,9927.75,97.0,330.1,4.0,23
2022-06-10,10259.71,101.0,9138.07,98.0,23
2022-06-09,9520.67,89.0,9925.78,109.0,23
2022-06-08,10866.18,102.0,12526.99,121.0,23
2022-06-07,5564.3,55.0,9464.44,99.0,23
2022-06-06,1842.66,18.0,11054.77,118.0,23
2022-06-05,7306.96,72.0,297.44,4.0,22
2022-06-04,6769.12,70.0,40.14,1.0,22
2022-06-03,11382.78,110.0,862.44,7.0,22
2022-06-02,13201.08,134.0,9648.31,98.0,22
2022-06-01,9191.67,91.0,10082.44,112.0,22
2022-05-31,9198.24,86.0,10114.85,113.0,22
2022-05-30,4222.73,43.0,12687.12,123.0,22
2022-05-29,9604.81,100.0,554.84,5.0,21
2022-05-28,10699.91,111.0,529.22,6.0,21
2022-05-27,8332.03,89.0,11616.16,120.0,21
2022-05-26,7733.25,84.0,11542.61,121.0,21
2022-05-25,7805.71,77.0,12303.63,131.0,21
2022-05-24,4828.28,45.0,13542.3,151.0,21
2022-05-23,2767.04,28.0,8996.66,101.0,21
2022-05-22,7602.52,76.0,418.35,5.0,20
2022-05-21,7145.71,75.0,520.53,6.0,20
2022-05-20,6100.82,63.0,11144.18,117.0,20
2022-05-19,5744.47,59.0,12991.67,133.0,20
2022-05-18,5855.04,60.0,12248.17,126.0,20
2022-05-17,3279.04,33.0,11230.87,117.0,20
2022-05-16,1823.21,18.0,11539.7,125.0,20
2022-05-15,6973.73,72.0,491.13,7.0,19
2022-05-14,8040.97,81.0,532.25,7.0,19
2022-05-13,9178.62,93.0,13094.81,123.0,19
2022-05-12,9185.33,91.0,12314.54,128.0,19
2022-05-11,7245.84,76.0,9179.51,104.0,19
2022-05-10,5004.98,49.0,11867.97,122.0,19
2022-05-09,6891.23,73.0,9464.25,101.0,19
2022-05-08,7188.93,72.0,740.39,7.0,18
2022-05-07,5206.83,50.0,9408.37,92.0,18
2022-05-06,3193.97,32.0,7894.37,86.0,18
2022-05-05,3847.77,40.0,5464.52,58.0,18
2022-05-04,2229.77,21.0,64.53,1.0,18
2022-05-03,1571.21,16.0,0.0,0.0,18
2022-05-02,1603.37,16.0,0.0,0.0,18
2022-05-01,6563.83,62.0,0.0,0.0,17
2022-04-30,8127.37,78.0,178.14,2.0,17
2022-04-29,10210.63,97.0,10498.4,114.0,17
2022-04-28,11602.54,114.0,8006.04,79.0,17
2022-04-27,11297.94,110.0,6673.55,65.0,17
2022-04-26,8038.64,80.0,7152.15,74.0,17
2022-04-25,10397.37,94.0,4482.93,48.0,17
2022-04-24,11424.21,105.0,7604.98,77.0,16
2022-04-23,11566.97,110.0,847.83,10.0,16
2022-04-22,11166.3,110.0,11418.5,109.0,16
2022-04-21,13027.8,124.0,13759.58,133.0,16
2022-04-20,10099.61,95.0,8714.16,85.0,16
2022-04-19,7534.7,65.0,7620.71,94.0,16
2022-04-18,4003.9,37.0,8236.42,95.0,16
2022-04-17,6972.49,70.0,484.81,6.0,15
2022-04-16,11406.1,110.0,905.15,9.0,15
2022-04-15,10020.99,97.0,7597.73,82.0,15
2022-04-14,10863.45,110.0,9150.27,102.0,15
2022-04-13,14993.69,142.0,6763.65,81.0,15
2022-04-12,6440.68,60.0,9006.44,103.0,15
2022-04-11,8905.04,81.0,9649.39,95.0,15
2022-04-10,8514.14,80.0,303.46,4.0,14
2022-04-09,10133.99,91.0,1090.08,16.0,14
2022-04-08,10751.85,102.0,7846.03,74.0,14
2022-04-07,8484.31,76.0,7127.66,73.0,14
2022-04-06,6987.68,64.0,6145.2,71.0,14
2022-04-05,8231.86,76.0,0.0,0.0,14
2022-04-04,9708.33,89.0,0.0,0.0,14
2022-04-03,12094.51,117.0,112.7,2.0,13
2022-04-02,20536.13,271.0,6765.83,70.0,13
2022-04-01,15419.81,147.0,6819.55,67.0,13
2022-03-31,25015.5,248.0,12311.82,138.0,13
2022-03-30,26466.27,312.0,6932.28,74.0,13
2022-03-29,9363.98,88.0,6185.03,64.0,13
2022-03-28,12689.31,110.0,6159.4,68.0,13
2022-03-27,14693.39,131.0,116.45,1.0,12
2022-03-26,18333.22,160.0,416.52,5.0,12
2022-03-25,18383.31,162.0,5024.93,60.0,12
2022-03-24,22170.4,185.0,4006.05,43.0,12
2022-03-23,18035.74,155.0,6547.2,67.0,12
2022-03-22,11283.94,95.0,7150.26,73.0,12
2022-03-21,2426.56,24.0,6590.39,72.0,12
2022-03-20,1609.3,15.0,98.15,2.0,11
2022-03-19,1558.86,14.0,85.27,1.0,11
2022-03-18,2205.77,20.0,404.04,3.0,11
2022-03-17,2168.04,19.0,290.26,4.0,11
2022-03-16,4824.95,44.0,384.79,5.0,11
2022-03-15,1633.07,16.0,350.56,3.0,11
2022-03-14,2968.9,25.0,1366.39,15.0,11
2022-03-13,10465.06,95.0,62.91,1.0,10
2022-03-12,9348.7,82.0,477.53,4.0,10
2022-03-11,12144.6,113.0,6313.14,73.0,10
2022-03-10,10888.73,100.0,6428.92,64.0,10
2022-03-09,12991.95,127.0,3186.83,38.0,10
2022-03-08,8075.22,75.0,3899.55,41.0,10
2022-03-07,5357.98,51.0,4081.31,44.0,10
2022-03-06,6631.61,64.0,59.74,1.0,9
2022-03-05,9614.23,90.0,253.66,3.0,9
2022-03-04,13005.91,122.0,6371.66,70.0,9
2022-03-03,11691.88,109.0,5113.31,59.0,9
2022-03-02,14540.52,140.0,3784.71,40.0,9
2022-03-01,3621.61,34.0,5951.51,60.0,9
2022-02-28,13471.15,130.0,11192.26,110.0,9
2022-02-27,854.13,7.0,0.0,0.0,8
2022-02-26,12368.61,116.0,300.74,3.0,8
2022-02-25,12611.25,123.0,6793.1,70.0,8
2022-02-24,16575.99,157.0,6551.37,63.0,8
2022-02-23,14409.4,139.0,5253.17,57.0,8
2022-02-22,9500.04,88.0,4944.75,52.0,8
2022-02-21,13118.67,124.0,7674.6,82.0,8
2022-02-20,10872.71,106.0,0.0,0.0,7
2022-02-19,12973.39,125.0,0.0,0.0,7
2022-02-18,14117.29,137.0,5228.62,59.0,7
2022-02-17,12358.75,118.0,4903.3,58.0,7
2022-02-16,9747.71,95.0,6035.42,60.0,7
2022-02-15,11583.84,107.0,4308.84,49.0,7
2022-02-14,3556.54,33.0,4982.55,52.0,7
2022-02-13,10684.98,102.0,0.0,0.0,6
2022-02-12,9648.5,95.0,251.07,2.0,6
2022-02-11,10411.05,101.0,5441.42,55.0,6
2022-02-10,8443.69,78.0,5725.54,62.0,6
2022-02-09,7705.93,75.0,2950.57,36.0,6
2022-02-08,2836.17,28.0,3001.8,34.0,6
2022-01-30,4699.19,49.0,857.42,9.0,4
2022-01-29,94760.85,756.0,2181.41,19.0,4
2022-01-28,13576.26,124.0,2588.36,28.0,4
2022-01-27,10165.58,98.0,3226.01,29.0,4
2022-01-26,12154.57,115.0,4275.71,48.0,4
2022-01-25,5407.02,54.0,6531.44,66.0,4
2022-01-24,5259.17,50.0,8886.35,85.0,4
2022-01-23,10696.88,107.0,0.0,0.0,3
2022-01-22,13226.75,133.0,347.05,4.0,3
2022-01-21,10970.51,109.0,8994.62,97.0,3
2022-01-20,13717.65,132.0,7978.99,83.0,3
2022-01-19,9342.66,88.0,8704.04,95.0,3
2022-01-18,5898.91,51.0,9090.43,103.0,3
2022-01-17,9054.44,82.0,7943.66,81.0,3
2022-01-16,8091.75,80.0,140.62,1.0,2
2022-01-15,12860.34,120.0,0.0,0.0,2
2022-01-14,14873.5,143.0,10354.71,109.0,2
2022-01-13,12229.59,116.0,10295.1,95.0,2
2022-01-12,14145.95,130.0,7270.74,78.0,2
2022-01-11,3592.46,32.0,8110.75,92.0,2
2022-01-10,5852.14,55.0,10964.25,127.0,2
2022-01-09,9215.88,86.0,199.29,3.0,1
2022-01-08,9795.6,91.0,1161.63,13.0,1
2022-01-07,25879.36,252.0,6132.35,57.0,1
2022-01-06,9192.42,89.0,7477.53,83.0,1
2022-01-05,5864.18,53.0,6376.7,72.0,1
2022-01-04,3226.95,31.0,6900.11,76.0,1
2022-01-03,8771.66,81.0,239.71,3.0,1
2022-01-02,15369.12,144.0,87.85,1.0,52
2022-01-01,16765.11,161.0,0.0,0.0,52
2021-12-31,18160.55,175.0,9209.3,105.0,52
2021-12-30,16076.54,150.0,9374.03,96.0,52
2021-12-29,13693.34,128.0,9756.42,108.0,52
2021-12-28,7358.98,66.0,9063.87,98.0,52
2021-12-27,10769.85,103.0,9040.84,92.0,52
2021-12-26,14855.29,141.0,209.88,3.0,51
2021-12-25,15356.88,145.0,312.01,4.0,51
2021-12-24,13809.07,131.0,10320.61,92.0,51
2021-12-23,13267.35,129.0,7673.0,88.0,51
2021-12-22,11663.58,111.0,7546.23,91.0,51
2021-12-21,7132.68,64.0,6944.43,78.0,51
2021-12-20,7942.67,74.0,8016.03,83.0,51
2021-12-19,13656.45,131.0,209.59,3.0,50
2021-12-18,8929.67,87.0,1004.34,13.0,50
2021-12-17,12345.41,116.0,7311.04,82.0,50
2021-12-16,15053.02,150.0,8315.07,90.0,50
2021-12-15,15081.98,146.0,8797.77,100.0,50
2021-12-14,6010.66,66.0,8292.66,91.0,50
2021-12-13,8090.07,85.0,9166.06,95.0,50
2021-12-12,11541.19,113.0,81.73,2.0,49
2021-12-11,13924.14,139.0,1912.94,24.0,49
2021-12-10,15593.96,154.0,6443.04,59.0,49
2021-12-09,12578.1,121.0,8607.96,93.0,49
2021-12-08,13077.92,130.0,10031.89,91.0,49
2021-12-07,5909.52,62.0,7547.01,82.0,49
2021-12-06,7903.57,81.0,7424.89,78.0,49
2021-12-05,10763.77,105.0,565.78,5.0,48
2021-12-04,13268.5,135.0,534.41,6.0,48
2021-12-03,15581.9,158.0,7783.64,84.0,48
2021-12-02,16130.28,165.0,6470.85,64.0,48
2021-12-01,9979.26,104.0,7218.05,76.0,48
2021-11-30,6603.35,70.0,8531.55,93.0,48
2021-11-29,8971.7,91.0,8504.76,91.0,48
2021-11-28,15764.13,159.0,86.28,1.0,47
2021-11-27,14240.94,148.0,914.93,9.0,47
2021-11-26,18153.04,184.0,7102.11,70.0,47
2021-11-25,17286.78,180.0,7397.54,79.0,47
2021-11-24,15709.34,165.0,7808.55,83.0,47
2021-11-23,12768.46,135.0,6733.84,76.0,47
2021-11-22,10254.22,107.0,10063.57,104.0,47
2021-11-21,17031.13,177.0,445.2,6.0,46
2021-11-20,15956.98,167.0,2069.94,19.0,46
2021-11-19,15218.97,160.0,5982.24,74.0,46
2021-11-18,19092.88,191.0,12770.56,138.0,46
2021-11-17,18667.2,184.0,14939.68,146.0,46
2021-11-16,10895.51,110.0,11396.03,117.0,46
2021-11-15,13054.95,132.0,13600.15,163.0,46
2021-11-14,16233.73,165.0,61.29,1.0,45
2021-11-13,18027.53,180.0,57.66,1.0,45
2021-11-12,24689.68,245.0,13048.66,141.0,45
2021-11-11,21336.49,214.0,13538.79,137.0,45
2021-11-10,21456.3,209.0,12897.27,130.0,45
2021-11-09,16504.82,163.0,10318.67,115.0,45
2021-11-08,17556.43,174.0,11525.6,136.0,45
2021-11-07,20452.5,209.0,206.71,2.0,44
2021-11-06,25286.07,253.0,282.5,3.0,44
2021-11-05,31842.65,318.0,9195.97,103.0,44
2021-11-04,30929.98,311.0,11204.6,118.0,44
2021-11-03,28949.41,292.0,14339.68,124.0,44
2021-11-02,27654.33,286.0,11645.12,133.0,44
2021-11-01,25544.49,264.0,11194.59,131.0,44
2021-10-31,19040.81,188.0,272.19,4.0,43
2021-10-30,17442.74,171.0,278.41,7.0,43
2021-10-29,18815.97,188.0,14813.04,157.0,43
2021-10-28,18933.79,184.0,12765.74,141.0,43
2021-10-27,14918.42,147.0,11069.52,109.0,43
2021-10-26,9106.75,93.0,12656.79,139.0,43
2021-10-25,11225.18,107.0,9895.59,108.0,43
2021-10-24,17355.62,167.0,91.88,1.0,42
2021-10-23,16542.32,163.0,114.74,2.0,42
2021-10-22,19360.01,186.0,12035.42,131.0,42
2021-10-21,21303.12,204.0,10227.12,109.0,42
2021-10-20,14209.32,137.0,13816.59,137.0,42
2021-10-19,11732.82,107.0,10734.92,127.0,42
2021-10-18,14625.77,137.0,10018.13,124.0,42
2021-10-17,21541.84,205.0,1075.07,6.0,41
2021-10-16,14470.79,150.0,775.39,9.0,41
2021-10-15,17215.64,167.0,12289.88,132.0,41
2021-10-14,16480.43,158.0,11327.72,132.0,41
2021-10-13,18079.79,175.0,8123.78,83.0,41
2021-10-12,18438.44,173.0,7435.65,79.0,41
2021-10-11,20858.74,195.0,8671.24,101.0,41
2021-10-10,14779.65,142.0,573.54,7.0,40
2021-10-09,4860.12,46.0,5365.76,62.0,40
2021-10-08,4353.38,41.0,4959.37,61.0,40
2021-10-07,9243.19,90.0,0.0,0.0,40
2021-10-06,9023.28,90.0,0.0,0.0,40
2021-10-05,12049.13,120.0,0.0,0.0,40
2021-10-04,17340.51,168.0,0.0,0.0,40
2021-10-03,18590.01,183.0,0.0,0.0,39
2021-10-02,23381.7,228.0,0.0,0.0,39
2021-10-01,20360.54,202.0,449.01,7.0,39
2021-09-30,10126.17,98.0,7267.15,78.0,39
2021-09-29,8152.17,81.0,6904.21,71.0,39
2021-09-28,10623.85,113.0,6519.83,87.0,39
2021-09-27,6397.31,63.0,10302.66,103.0,39
2021-09-26,6257.36,61.0,9911.68,107.0,38
2021-09-25,7076.19,71.0,393.32,4.0,38
2021-09-24,9612.08,95.0,9677.6,113.0,38
2021-09-23,6506.42,68.0,8783.03,96.0,38
2021-09-22,5384.21,56.0,11276.98,110.0,38
2021-09-21,8091.48,86.0,460.67,2.0,38
2021-09-20,8921.33,92.0,0.0,0.0,38
2021-09-19,8339.58,87.0,315.46,4.0,37
2021-09-18,10434.93,108.0,8210.0,87.0,37
2021-09-17,7345.4,75.0,8626.6,99.0,37
2021-09-16,7716.42,81.0,12064.13,88.0,37
2021-09-15,7793.13,78.0,9257.94,98.0,37
2021-09-14,9679.12,101.0,10186.84,102.0,37
2021-09-13,7791.48,78.0,8988.22,98.0,37
2021-09-12,11781.11,115.0,0.0,0.0,36
2021-09-11,12394.18,126.0,0.0,0.0,36
2021-09-10,14414.8,151.0,9016.44,103.0,36
2021-09-09,13454.7,139.0,9477.01,97.0,36
2021-09-08,14102.07,149.0,9375.89,94.0,36
2021-09-07,11321.84,118.0,8942.14,87.0,36
2021-09-06,10663.2,111.0,7666.01,84.0,36
2021-09-05,13243.45,137.0,0.0,0.0,35
2021-09-04,12718.27,130.0,0.0,0.0,35
2021-09-03,19699.39,196.0,10621.33,90.0,35
2021-09-02,22731.03,221.0,6742.42,80.0,35
2021-09-01,25542.82,261.0,8490.38,100.0,35
2021-08-31,24235.56,218.0,8072.25,97.0,35
2021-08-30,25493.17,218.0,8323.65,88.0,35
2021-08-29,27162.58,238.0,0.0,0.0,34
2021-08-28,31145.9,276.0,0.0,0.0,34
2021-08-27,31186.42,275.0,11470.22,124.0,34
2021-08-26,30510.01,276.0,9512.81,100.0,34
2021-08-25,27768.99,243.0,8853.46,98.0,34
2021-08-24,25726.63,232.0,10424.41,107.0,34
2021-08-23,27833.48,250.0,10463.2,113.0,34
2021-08-22,29438.07,261.0,0.0,0.0,33
2021-08-21,32134.6,290.0,0.0,0.0,33
2021-08-20,33754.05,308.0,9460.4,105.0,33
2021-08-19,28190.74,257.0,10163.13,110.0,33
2021-08-18,25146.9,229.0,9189.12,110.0,33
2021-08-17,23525.63,212.0,11633.84,111.0,33
2021-08-16,22755.43,205.0,12740.01,132.0,33
2021-08-15,10307.62,93.0,0.0,0.0,32
2021-08-14,15722.74,155.0,0.0,0.0,32
2021-08-13,14693.03,147.0,10801.46,124.0,32
2021-08-12,13046.62,132.0,7871.25,76.0,32
2021-08-11,12992.29,126.0,8570.57,97.0,32
2021-08-10,12648.7,123.0,8464.03,99.0,32
2021-08-09,12725.87,124.0,15644.08,172.0,32
2021-08-08,11592.17,114.0,0.0,0.0,31
2021-08-07,14272.9,146.0,0.0,0.0,31
2021-08-06,12412.52,125.0,14168.3,136.0,31
2021-08-05,13346.01,138.0,9174.81,98.0,31
2021-08-04,16432.08,165.0,10819.79,113.0,31
2021-08-03,10171.72,104.0,8449.76,91.0,31
2021-08-02,9332.92,96.0,10627.79,121.0,31
2021-08-01,10500.64,110.0,0.0,0.0,30
2021-07-31,5168.29,57.0,0.0,0.0,30
2021-07-30,6598.6,72.0,13053.82,145.0,30
2021-07-29,9240.35,98.0,13404.7,136.0,30
2021-07-28,6820.5,73.0,14480.86,165.0,30
2021-07-27,6294.66,70.0,10237.83,119.0,30
2021-07-26,5270.29,55.0,13894.67,157.0,30
2021-07-25,7712.01,82.0,0.0,0.0,29
2021-07-24,7363.02,77.0,0.0,0.0,29
2021-07-23,8351.47,87.0,13240.12,150.0,29
2021-07-22,9775.88,97.0,12494.91,147.0,29
2021-07-21,11532.85,115.0,11249.17,126.0,29
2021-07-20,6697.64,70.0,11951.61,142.0,29
2021-07-19,8278.95,87.0,13144.14,134.0,29
2021-07-18,8067.25,78.0,0.0,0.0,28
2021-07-17,8038.03,82.0,0.0,0.0,28
2021-07-16,12142.83,123.0,14094.71,160.0,28
2021-07-15,9303.24,94.0,19459.01,141.0,28
2021-07-14,9501.29,96.0,10267.46,117.0,28
2021-07-13,6058.83,61.0,13236.8,168.0,28
2021-07-12,6915.52,69.0,16944.72,160.0,28
2021-07-11,5672.27,58.0,0.0,0.0,27
2021-07-10,11899.5,119.0,0.0,0.0,27
2021-07-09,11074.97,113.0,17001.79,174.0,27
2021-07-08,10294.83,101.0,13451.81,142.0,27
2021-07-07,12522.86,128.0,10437.7,128.0,27
2021-07-06,7529.03,77.0,19203.88,136.0,27
2021-07-05,7114.18,75.0,12166.17,126.0,27
2021-07-04,8169.37,84.0,0.0,0.0,26
2021-07-03,9370.13,95.0,0.0,0.0,26
2021-07-02,10729.83,110.0,13364.19,147.0,26
2021-07-01,9194.52,94.0,11926.75,134.0,26
2021-06-30,8824.79,88.0,11882.97,137.0,26
2021-06-29,9503.89,99.0,13409.05,153.0,26
2021-06-28,7757.1,79.0,13790.2,156.0,26
2021-06-27,10436.5,112.0,0.0,0.0,25
2021-06-26,9359.85,98.0,0.0,0.0,25
2021-06-25,12052.4,124.0,12984.74,149.0,25
2021-06-24,13473.84,140.0,13054.35,142.0,25
2021-06-23,11706.2,121.0,9721.78,115.0,25
2021-06-22,9817.12,102.0,13251.82,142.0,25
2021-06-21,8461.97,89.0,13601.56,167.0,25
2021-06-20,8338.04,84.0,0.0,0.0,24
2021-06-19,11534.23,118.0,0.0,0.0,24
2021-06-18,9938.0,102.0,13195.44,146.0,24
2021-06-17,10080.37,109.0,12407.89,118.0,24
2021-06-16,5670.68,55.0,11836.3,147.0,24
2021-06-15,6424.71,62.0,13702.14,152.0,24
2021-06-14,5373.35,54.0,0.0,0.0,24
2021-06-13,9254.54,95.0,0.0,0.0,23
2021-06-12,7341.73,76.0,0.0,0.0,23
2021-06-11,7963.91,75.0,15663.65,167.0,23
2021-06-10,5149.28,49.0,14074.0,163.0,23
2021-06-09,7298.91,77.0,11056.39,126.0,23
2021-06-08,8945.86,92.0,12710.18,145.0,23
2021-06-07,10623.59,109.0,13729.94,150.0,23
2021-06-06,14844.79,147.0,0.0,0.0,22
2021-06-05,11340.97,116.0,0.0,0.0,22
2021-06-04,12413.52,124.0,16309.17,183.0,22
2021-06-03,11414.97,118.0,13336.5,154.0,22
2021-06-02,10099.42,100.0,12637.2,149.0,22
2021-06-01,5387.17,53.0,14476.14,149.0,22
2021-05-31,6245.19,63.0,19453.71,218.0,22
2021-05-30,7869.81,79.0,0.0,0.0,21
2021-05-29,12054.55,122.0,0.0,0.0,21
2021-05-28,10554.86,110.0,18411.59,203.0,21
2021-05-27,13430.02,132.0,15376.15,179.0,21
2021-05-26,8884.15,92.0,14848.79,159.0,21
2021-05-25,8478.6,83.0,14254.36,181.0,21
2021-05-24,4877.71,49.0,16047.85,174.0,21
2021-05-23,10263.28,113.0,0.0,0.0,20
2021-05-22,10465.22,105.0,0.0,0.0,20
2021-05-21,9483.51,92.0,19576.69,213.0,20
2021-05-20,10020.68,103.0,39028.74,171.0,20
2021-05-19,9925.34,97.0,18091.9,224.0,20
2021-05-18,7321.73,74.0,18927.76,257.0,20
2021-05-17,8330.79,85.0,17811.54,241.0,20
2021-05-16,9505.83,99.0,0.0,0.0,19
2021-05-15,9661.44,95.0,0.0,0.0,19
2021-05-14,8093.62,79.0,22616.04,293.0,19
2021-05-13,7845.81,83.0,18328.42,215.0,19
2021-05-12,9265.46,95.0,14509.43,159.0,19
2021-05-11,10918.8,111.0,15284.08,172.0,19
2021-05-10,8887.21,95.0,14804.18,175.0,19
2021-05-09,13302.04,139.0,0.0,0.0,18
2021-05-08,8648.74,84.0,13548.13,164.0,18
2021-05-07,7891.04,81.0,13221.51,147.0,18
2021-05-06,4998.27,49.0,12940.22,147.0,18
2021-05-05,5179.73,50.0,0.0,0.0,18
2021-05-04,4668.33,44.0,0.0,0.0,18
2021-05-03,3589.86,33.0,0.0,0.0,18
2021-05-02,7385.12,72.0,0.0,0.0,17
2021-05-01,7448.15,71.0,0.0,0.0,17
2021-04-30,7358.74,70.0,14772.94,180.0,17
2021-04-29,8628.71,82.0,14406.0,170.0,17
2021-04-28,9477.13,89.0,15460.87,164.0,17
2021-04-27,10485.3,108.0,18321.99,206.0,17
2021-04-26,9700.03,95.0,22340.35,259.0,17
2021-04-25,8163.01,83.0,17645.54,197.0,16
2021-04-24,10125.24,100.0,0.0,0.0,16
2021-04-23,10669.79,107.0,25231.71,293.0,16
2021-04-22,11778.46,118.0,18270.53,225.0,16
2021-04-21,10316.55,106.0,83086.01,236.0,16
2021-04-20,9052.55,89.0,22097.91,243.0,16
2021-04-19,10989.54,110.0,25883.68,296.0,16
2021-04-18,8092.61,78.0,0.0,0.0,15
2021-04-17,10330.3,101.0,0.0,0.0,15
2021-04-16,11792.56,118.0,26290.64,288.0,15
2021-04-15,10282.96,101.0,18996.01,243.0,15
2021-04-14,13738.17,135.0,23956.82,280.0,15
2021-04-13,9362.83,91.0,25083.42,288.0,15
2021-04-12,14003.41,139.0,27985.92,322.0,15
2021-04-11,15291.58,149.0,0.0,0.0,14
2021-04-10,15446.56,159.0,0.0,0.0,14
2021-04-09,14998.09,153.0,34990.89,376.0,14
2021-04-08,17694.45,182.0,24298.88,294.0,14
2021-04-07,12193.55,121.0,19851.83,225.0,14
2021-04-06,9919.39,94.0,19304.53,226.0,14
2021-04-05,9548.9,93.0,0.0,0.0,14
2021-04-04,13908.92,141.0,0.0,0.0,13
2021-04-03,18727.83,180.0,0.0,0.0,13
2021-04-02,15589.98,155.0,21792.85,252.0,13
2021-04-01,15715.06,158.0,21744.07,249.0,13
2021-03-31,12540.41,127.0,19588.72,232.0,13
2021-03-30,14693.31,153.0,30150.98,274.0,13
2021-03-29,8446.31,86.0,27729.63,319.0,13
2021-03-28,10670.55,102.0,0.0,0.0,12
2021-03-27,13648.48,141.0,0.0,0.0,12
2021-03-26,14426.38,150.0,28714.85,338.0,12
2021-03-25,13772.01,148.0,24220.88,278.0,12
2021-03-24,15038.15,156.0,26341.94,300.0,12
2021-03-23,14028.35,142.0,26512.13,300.0,12
2021-03-22,9773.25,99.0,25820.27,297.0,12
2021-03-21,11999.89,125.0,0.0,0.0,11
2021-03-20,14691.77,149.0,0.0,0.0,11
2021-03-19,17919.13,182.0,28078.26,326.0,11
2021-03-18,16236.56,171.0,25328.24,307.0,11
2021-03-17,15802.02,163.0,26403.83,312.0,11
2021-03-16,12749.83,126.0,30270.75,340.0,11
2021-03-15,19474.62,198.0,30291.52,367.0,11
2021-03-14,17451.72,185.0,0.0,0.0,10
2021-03-13,19053.18,202.0,0.0,0.0,10
2021-03-12,21675.98,219.0,31656.18,389.0,10
2021-03-11,23383.48,242.0,29650.0,355.0,10
2021-03-10,19472.81,205.0,28045.97,343.0,10
2021-03-09,17607.82,179.0,26677.02,332.0,10
2021-03-08,18111.61,194.0,29360.81,357.0,10
2021-03-07,15821.82,168.0,0.0,0.0,9
2021-03-06,18179.44,194.0,228.72,3.0,9
2021-03-05,23751.92,248.0,32537.51,399.0,9
2021-03-04,21719.22,228.0,25560.94,318.0,9
2021-03-03,22508.32,240.0,25155.82,278.0,9
2021-03-02,22079.3,234.0,25561.37,311.0,9
2021-03-01,14674.15,153.0,26129.79,341.0,9
2021-02-28,14796.61,157.0,0.0,0.0,8
2021-02-27,23078.1,249.0,0.0,0.0,8
2021-02-26,20522.27,220.0,29860.63,366.0,8
2021-02-25,22055.09,240.0,21729.49,271.0,8
2021-02-24,23579.54,257.0,18984.0,241.0,8
2021-02-23,19759.29,206.0,18518.71,233.0,8
2021-02-22,21149.62,217.0,17420.55,209.0,8
2021-02-21,24705.28,250.0,0.0,0.0,7
2021-02-20,22036.53,218.0,13804.65,173.0,7
2021-02-19,0.0,0.0,12785.37,161.0,7
2021-02-18,0.0,0.0,6159.45,84.0,7
2021-02-10,0.0,0.0,11892.05,138.0,6
2021-02-09,6869.5,71.0,13403.58,176.0,6
2021-02-08,9623.9,97.0,14145.09,177.0,6
2021-02-07,11957.64,123.0,24657.34,283.0,5
2021-02-06,16259.99,166.0,0.0,0.0,5
2021-02-05,19976.97,207.0,34336.87,419.0,5
2021-02-04,20246.1,212.0,33456.9,401.0,5
2021-02-03,21575.37,221.0,35525.54,406.0,5
2021-02-02,15887.28,167.0,34868.16,401.0,5
2021-02-01,15617.62,156.0,35982.15,417.0,5
2021-01-31,22006.16,224.0,0.0,0.0,4
2021-01-30,20327.13,208.0,0.0,0.0,4
2021-01-29,29058.23,302.0,44265.1,541.0,4
2021-01-28,27626.84,283.0,38946.81,440.0,4
2021-01-27,27785.4,288.0,33894.62,401.0,4
2021-01-26,21124.5,218.0,37559.05,419.0,4
2021-01-25,19181.79,194.0,40289.19,463.0,4
2021-01-24,27301.25,278.0,0.0,0.0,3
2021-01-23,25979.28,274.0,0.0,0.0,3
2021-01-22,31204.76,320.0,42706.27,523.0,3
2021-01-21,32976.01,337.0,35141.56,427.0,3
2021-01-20,31517.18,322.0,33145.82,374.0,3
2021-01-19,23369.3,240.0,35312.98,411.0,3
2021-01-18,19083.25,201.0,32492.28,410.0,3
2021-01-17,25719.77,267.0,0.0,0.0,2
2021-01-16,21873.5,229.0,0.0,0.0,2
2021-01-15,22492.68,240.0,39987.79,475.0,2
2021-01-14,24241.73,244.0,30837.03,379.0,2
2021-01-13,25936.88,268.0,29943.74,353.0,2
2021-01-12,20514.96,212.0,30540.15,373.0,2
2021-01-11,24737.02,257.0,29613.82,351.0,2
2021-01-10,27628.15,290.0,0.0,0.0,1
2021-01-09,26888.87,279.0,0.0,0.0,1
2021-01-08,31989.9,326.0,30863.32,376.0,1
2021-01-07,26713.57,275.0,50951.59,318.0,1
2021-01-06,30175.28,307.0,22817.44,281.0,1
2021-01-05,22976.25,241.0,22984.25,264.0,1
2021-01-04,22035.04,226.0,16448.03,207.0,1
2021-01-03,24895.31,247.0,0.0,0.0,53
2021-01-02,28403.25,280.0,0.0,0.0,53
2021-01-01,48721.5,480.0,0.0,0.0,53
2020-12-31,9696.93,101.0,26113.8,319.0,53
2020-12-30,12172.4,124.0,29290.56,320.0,53
2020-12-29,7995.04,80.0,27303.19,310.0,53
2020-12-28,13970.77,145.0,31308.23,372.0,53
2020-12-27,9429.2,109.0,0.0,0.0,52
2020-12-26,10161.7,114.0,0.0,0.0,52
2020-12-25,11652.85,131.0,36370.13,401.0,52
2020-12-24,16034.44,169.0,32585.96,388.0,52
2020-12-23,12183.2,132.0,29066.86,340.0,52
2020-12-22,10830.62,120.0,56332.46,348.0,52
2020-12-21,11085.25,127.0,32121.53,367.0,52
2020-12-20,10614.36,122.0,0.0,0.0,51
2020-12-19,11387.2,130.0,0.0,0.0,51
2020-12-18,16457.15,181.0,30933.75,375.0,51
2020-12-17,11785.34,132.0,29088.23,342.0,51
2020-12-16,13588.47,146.0,25079.4,307.0,51
2020-12-15,21283.82,226.0,33055.41,341.0,51
2020-12-14,22421.9,226.0,31444.22,384.0,51
2020-12-13,23455.68,241.0,0.0,0.0,50
2020-12-12,21122.03,225.0,0.0,0.0,50
2020-12-11,22962.85,240.0,30757.57,363.0,50
2020-12-10,22617.74,232.0,28937.5,324.0,50
2020-12-09,22542.31,234.0,27413.95,321.0,50
2020-12-08,17561.72,182.0,24772.02,304.0,50
2020-12-07,18233.97,182.0,25243.79,300.0,50
2020-12-06,18993.17,196.0,0.0,0.0,49
2020-12-05,19471.25,198.0,0.0,0.0,49
2020-12-04,25061.29,249.0,29573.57,331.0,49
2020-12-03,24967.17,253.0,24845.34,282.0,49
2020-12-02,20254.19,202.0,19373.15,220.0,49
2020-12-01,17365.73,171.0,24373.51,297.0,49
2020-11-30,11692.85,111.0,26689.45,324.0,49
2020-11-29,17563.59,167.0,0.0,0.0,48
2020-11-28,19970.16,202.0,0.0,0.0,48
2020-11-27,20694.06,210.0,29541.52,369.0,48
2020-11-26,26058.18,272.0,23949.77,292.0,48
2020-11-25,21926.74,219.0,25479.72,296.0,48
2020-11-24,14810.84,150.0,24538.16,280.0,48
2020-11-23,18289.66,184.0,31130.46,352.0,48
2020-11-22,19672.54,199.0,0.0,0.0,47
2020-11-21,22578.13,229.0,0.0,0.0,47
2020-11-20,25778.78,258.0,31568.34,369.0,47
2020-11-19,25095.54,246.0,26247.16,304.0,47
2020-11-18,22195.09,226.0,25689.84,311.0,47
2020-11-17,17679.77,180.0,26157.86,300.0,47
2020-11-16,19576.26,202.0,25930.34,277.0,47
2020-11-15,22350.04,226.0,0.0,0.0,46
2020-11-14,22899.65,226.0,0.0,0.0,46
2020-11-13,25415.17,250.0,30131.37,369.0,46
2020-11-12,22162.85,224.0,25802.49,298.0,46
2020-11-11,28739.71,287.0,26245.48,277.0,46
2020-11-10,19947.54,193.0,26537.59,315.0,46
2020-11-09,17118.22,172.0,32386.48,350.0,46
2020-11-08,20963.65,206.0,0.0,0.0,45
2020-11-07,24601.5,252.0,0.0,0.0,45
2020-11-06,19249.45,195.0,30565.05,344.0,45
2020-11-05,22873.45,233.0,24478.88,296.0,45
2020-11-04,23376.62,234.0,20596.13,245.0,45
2020-11-03,15445.06,160.0,20127.34,239.0,45
2020-11-02,18288.53,184.0,28039.07,310.0,45
2020-11-01,20712.64,203.0,0.0,0.0,44
2020-10-31,22093.2,221.0,0.0,0.0,44
2020-10-30,18556.7,185.0,31910.24,363.0,44
2020-10-29,19398.1,195.0,26321.62,315.0,44
2020-10-28,17487.55,179.0,26238.85,295.0,44
2020-10-27,18683.08,190.0,28436.39,333.0,44
2020-10-26,19178.37,200.0,38008.2,394.0,44
2020-10-25,19904.25,208.0,0.0,0.0,43
2020-10-24,15479.76,163.0,0.0,0.0,43
2020-10-23,18702.2,197.0,37428.58,410.0,43
2020-10-22,24854.23,252.0,29466.33,344.0,43
2020-10-21,21346.02,219.0,32279.06,367.0,43
2020-10-20,15398.28,162.0,30136.7,349.0,43
2020-10-19,16890.72,178.0,38666.81,424.0,43
2020-10-18,19645.11,200.0,0.0,0.0,42
2020-10-17,19146.51,193.0,0.0,0.0,42
2020-10-16,20511.95,211.0,32865.41,374.0,42
2020-10-15,18849.99,188.0,32015.72,357.0,42
2020-10-14,18539.89,189.0,25316.74,284.0,42
2020-10-13,13773.88,143.0,23088.22,253.0,42
2020-10-12,15661.61,155.0,24114.67,270.0,42
2020-10-11,13667.34,138.0,0.0,0.0,41
2020-10-10,8415.03,86.0,19447.69,226.0,41
2020-10-09,7495.77,78.0,19603.36,221.0,41
2020-10-08,6776.97,76.0,0.0,0.0,41
2020-10-07,5928.91,63.0,0.0,0.0,41
2020-10-06,5773.46,60.0,0.0,0.0,41
2020-10-05,4990.62,51.0,0.0,0.0,41
2020-10-04,4710.53,49.0,0.0,0.0,40
2020-10-03,5835.44,59.0,0.0,0.0,40
2020-10-02,5204.15,52.0,0.0,0.0,40
2020-10-01,7469.11,77.0,0.0,0.0,40
2020-09-30,12807.03,124.0,22951.68,258.0,40
2020-09-29,9556.65,98.0,28497.86,303.0,40
2020-09-28,11986.77,117.0,23808.77,273.0,40
2020-09-27,9702.03,99.0,31808.34,367.0,39
2020-09-26,10364.01,104.0,0.0,0.0,39
2020-09-25,11159.66,113.0,44878.07,520.0,39
2020-09-24,13678.07,134.0,38359.67,432.0,39
2020-09-23,18929.85,186.0,37060.26,364.0,39
2020-09-22,12831.7,134.0,37740.88,418.0,39
2020-09-21,14057.75,138.0,35053.36,406.0,39
2020-09-20,16272.8,164.0,0.0,0.0,38
2020-09-19,19208.85,180.0,0.0,0.0,38
2020-09-18,17900.29,167.0,41972.42,478.0,38
2020-09-17,25565.95,245.0,37261.81,429.0,38
2020-09-16,19846.78,203.0,33642.35,403.0,38
2020-09-15,20110.47,202.0,39022.55,430.0,38
2020-09-14,18810.6,193.0,40776.69,488.0,38
2020-09-13,19579.47,195.0,0.0,0.0,37
2020-09-12,23846.59,234.0,0.0,0.0,37
2020-09-11,23353.9,240.0,47272.03,553.0,37
2020-09-10,23732.39,238.0,39982.18,451.0,37
2020-09-09,23514.01,239.0,40177.14,453.0,37
2020-09-08,14869.37,153.0,43776.37,499.0,37
2020-09-07,10781.0,111.0,44266.02,513.0,37
2020-09-06,15410.45,152.0,0.0,0.0,36
2020-09-05,20663.11,205.0,0.0,0.0,36
2020-09-04,17149.48,178.0,45955.95,507.0,36
2020-09-03,11796.09,122.0,38378.01,403.0,36
2020-09-02,11566.22,117.0,32751.96,353.0,36
2020-09-01,9700.13,94.0,28095.34,334.0,36
2020-08-31,9338.6,94.0,39337.21,463.0,36
2020-08-30,10081.95,100.0,0.0,0.0,35
2020-08-29,11293.43,115.0,0.0,0.0,35
2020-08-28,12885.73,132.0,46094.34,530.0,35
2020-08-27,10532.63,103.0,38086.38,438.0,35
2020-08-26,10572.76,100.0,44064.29,501.0,35
2020-08-25,9592.78,96.0,42903.71,509.0,35
2020-08-24,10693.92,102.0,48120.6,564.0,35
2020-08-23,11390.32,112.0,0.0,0.0,34
2020-08-22,13281.63,138.0,0.0,0.0,34
2020-08-21,14724.1,148.0,59961.24,684.0,34
2020-08-20,13842.62,140.0,44412.69,521.0,34
2020-08-19,12553.88,130.0,45387.51,505.0,34
2020-08-18,13521.98,139.0,49467.96,570.0,34
2020-08-17,11758.89,122.0,58507.03,674.0,34
2020-08-16,13525.68,134.0,0.0,0.0,33
2020-08-15,12665.95,134.0,0.0,0.0,33
2020-08-14,14255.09,136.0,60628.87,726.0,33
2020-08-13,13911.45,141.0,54323.65,662.0,33
2020-08-12,14110.44,138.0,53942.07,635.0,33
2020-08-11,10563.17,104.0,52487.46,625.0,33
2020-08-10,11998.14,121.0,53323.43,636.0,33
2020-08-09,15412.47,151.0,0.0,0.0,32
2020-08-08,14328.76,143.0,0.0,0.0,32
2020-08-07,15060.71,150.0,60257.07,692.0,32
2020-08-06,16050.55,163.0,47878.01,553.0,32
2020-08-05,14206.76,143.0,41390.01,472.0,32
2020-08-04,13006.81,130.0,42466.6,498.0,32
2020-08-03,17255.62,156.0,58849.18,664.0,32
2020-08-02,19504.75,194.0,0.0,0.0,31
2020-08-01,16898.79,167.0,0.0,0.0,31
2020-07-31,12884.8,127.0,64995.11,747.0,31
2020-07-30,9305.11,90.0,52048.15,626.0,31
2020-07-29,11678.74,120.0,60610.9,591.0,31
2020-07-28,5757.34,59.0,58731.83,671.0,31
2020-07-27,7350.78,76.0,59547.6,685.0,31
2020-07-26,8697.84,91.0,0.0,0.0,30
2020-07-25,10008.7,98.0,0.0,0.0,30
2020-07-24,8906.74,91.0,67626.01,786.0,30
2020-07-23,9439.82,92.0,50099.45,594.0,30
2020-07-22,7384.32,73.0,48825.56,580.0,30
2020-07-21,3495.18,35.0,49963.55,576.0,30
2020-07-20,7467.66,82.0,66568.49,662.0,30
2020-07-19,11073.17,119.0,0.0,0.0,29
2020-07-18,7694.97,76.0,0.0,0.0,29
2020-07-17,18328.85,176.0,57187.65,681.0,29
2020-07-16,17693.94,168.0,54150.21,616.0,29
2020-07-15,12340.56,121.0,53351.46,617.0,29
2020-07-14,12247.0,118.0,52390.39,610.0,29
2020-07-13,9997.92,95.0,55810.1,660.0,29
2020-07-12,9314.03,91.0,0.0,0.0,28
2020-07-11,14613.07,145.0,0.0,0.0,28
2020-07-10,14783.43,146.0,62358.09,715.0,28
2020-07-09,15757.99,156.0,54106.88,621.0,28
2020-07-08,17710.51,183.0,55243.26,649.0,28
2020-07-07,11641.03,114.0,42723.32,503.0,28
2020-07-06,11907.55,114.0,48553.7,572.0,28
2020-07-05,13630.16,134.0,0.0,0.0,27
2020-07-04,9232.07,95.0,0.0,0.0,27
2020-07-03,15108.51,154.0,46937.94,565.0,27
2020-07-02,10037.07,108.0,49904.61,497.0,27
2020-07-01,12998.97,132.0,44065.89,485.0,27
2020-06-30,11974.46,121.0,39032.82,449.0,27
2020-06-29,8108.33,83.0,43433.1,504.0,27
2020-06-28,8555.18,82.0,44930.85,558.0,26
2020-06-27,5859.39,60.0,0.0,0.0,26
2020-06-26,7798.34,76.0,0.0,0.0,26
2020-06-25,8988.27,92.0,0.0,0.0,26
2020-06-24,12319.47,123.0,54382.02,646.0,26
2020-06-23,6241.59,61.0,46793.68,524.0,26
2020-06-22,10753.0,111.0,49928.42,576.0,26
2020-06-21,9687.0,100.0,0.0,0.0,25
2020-06-20,10777.04,110.0,0.0,0.0,25
2020-06-19,10042.3,99.0,55992.52,658.0,25
2020-06-18,10383.02,108.0,51730.63,578.0,25
2020-06-17,10691.29,106.0,40878.41,482.0,25
2020-06-16,9342.05,96.0,46864.59,556.0,25
2020-06-15,8031.47,85.0,50220.06,584.0,25
2020-06-14,10636.47,105.0,0.0,0.0,24
2020-06-13,10372.91,103.0,0.0,0.0,24
2020-06-12,11672.56,116.0,54103.26,658.0,24
2020-06-11,10899.9,110.0,42233.47,489.0,24
2020-06-10,13015.84,123.0,45726.48,533.0,24
2020-06-09,8928.18,90.0,45054.13,529.0,24
2020-06-08,10331.35,103.0,47005.12,551.0,24
2020-06-07,11701.77,118.0,0.0,0.0,23
2020-06-06,12642.73,125.0,0.0,0.0,23
2020-06-05,19490.21,190.0,53568.29,628.0,23
2020-06-04,15987.61,155.0,38405.86,451.0,23
2020-06-03,18203.11,173.0,37128.51,448.0,23
2020-06-02,17623.11,178.0,41492.03,484.0,23
2020-06-01,15446.33,150.0,44466.07,529.0,23
2020-05-31,9586.73,100.0,0.0,0.0,22
2020-05-30,10001.31,99.0,0.0,0.0,22
2020-05-29,10319.76,110.0,56723.38,689.0,22
2020-05-28,11903.2,115.0,42264.32,525.0,22
2020-05-27,10453.19,101.0,39051.49,475.0,22
2020-05-26,11918.05,125.0,50258.9,506.0,22
2020-05-25,7871.06,82.0,45204.15,556.0,22
2020-05-24,9889.85,98.0,0.0,0.0,21
2020-05-23,9215.51,97.0,0.0,0.0,21
2020-05-22,13380.45,135.0,52217.97,639.0,21
2020-05-21,11179.32,120.0,43972.67,530.0,21
2020-05-20,11206.25,116.0,39413.84,474.0,21
2020-05-19,8937.89,93.0,39187.75,481.0,21
2020-05-18,9019.16,100.0,45306.65,557.0,21
2020-05-17,12458.98,129.0,0.0,0.0,20
2020-05-16,9433.64,108.0,0.0,0.0,20
2020-05-15,10579.62,112.0,52112.39,641.0,20
2020-05-14,12364.24,126.0,42795.32,469.0,20
2020-05-13,13085.66,142.0,36671.81,443.0,20
2020-05-12,11906.37,121.0,37262.04,456.0,20
2020-05-11,11781.86,122.0,32458.82,401.0,20
2020-05-10,9047.84,98.0,0.0,0.0,19
2020-05-09,11665.02,121.0,37083.29,436.0,19
2020-05-08,11267.47,113.0,28865.84,344.0,19
2020-05-07,8068.82,83.0,23214.36,286.0,19
2020-05-06,4568.13,49.0,25492.94,300.0,19
2020-05-05,2829.92,29.0,0.0,0.0,19
2020-05-04,6112.96,63.0,0.0,0.0,19
2020-05-03,4206.92,44.0,0.0,0.0,18
2020-05-02,7438.73,86.0,0.0,0.0,18
2020-05-01,9366.98,106.0,0.0,0.0,18
2020-04-30,12782.67,129.0,44543.67,516.0,18
2020-04-29,12704.15,138.0,33004.65,402.0,18
2020-04-28,12441.61,129.0,34334.34,397.0,18
2020-04-27,7422.19,82.0,34961.14,424.0,18
2020-04-26,11244.45,119.0,31992.0,368.0,17
2020-04-25,9096.69,102.0,0.0,0.0,17
2020-04-24,10217.25,107.0,38226.2,471.0,17
2020-04-23,10293.4,103.0,32003.47,381.0,17
2020-04-22,9238.26,95.0,33114.59,351.0,17
2020-04-21,9033.95,94.0,37463.8,407.0,17
2020-04-20,7198.87,77.0,34596.46,410.0,17
2020-04-19,9963.29,102.0,0.0,0.0,16
2020-04-18,10305.19,108.0,0.0,0.0,16
2020-04-17,9372.38,96.0,40059.83,468.0,16
2020-04-16,9773.28,104.0,34461.0,392.0,16
2020-04-15,15843.19,165.0,30191.97,346.0,16
2020-04-14,10624.77,103.0,31505.71,357.0,16
2020-04-13,9397.93,95.0,32498.85,396.0,16
2020-04-12,12589.31,134.0,0.0,0.0,15
2020-04-11,12003.2,128.0,0.0,0.0,15
2020-04-10,14211.48,146.0,39045.07,452.0,15
2020-04-09,13212.67,139.0,29468.13,337.0,15
2020-04-08,11141.24,112.0,23719.07,286.0,15
2020-04-07,6963.65,79.0,28078.54,333.0,15
2020-04-06,6721.2,73.0,0.0,0.0,15
2020-04-05,8541.52,90.0,0.0,0.0,14
2020-04-04,14398.1,145.0,0.0,0.0,14
2020-04-03,11668.84,128.0,34075.64,387.0,14
2020-04-02,14423.64,160.0,27488.53,317.0,14
2020-04-01,14676.71,166.0,28172.12,286.0,14
2020-03-31,7222.89,70.0,29598.26,342.0,14
2020-03-30,5512.34,59.0,27810.66,333.0,14
2020-03-29,6981.51,66.0,0.0,0.0,13
2020-03-28,7905.46,82.0,0.0,0.0,13
2020-03-27,9391.71,93.0,34670.66,410.0,13
2020-03-26,8488.84,83.0,35439.08,409.0,13
2020-03-25,11925.19,106.0,36001.06,417.0,13
2020-03-24,6667.35,70.0,31883.1,367.0,13
2020-03-23,6846.71,69.0,40562.93,489.0,13
2020-03-22,7858.35,83.0,0.0,0.0,12
2020-03-21,9957.27,106.0,0.0,0.0,12
2020-03-20,10910.93,111.0,37082.46,431.0,12
2020-03-19,15419.51,159.0,36313.82,427.0,12
2020-03-18,9644.67,96.0,35293.67,413.0,12
2020-03-17,11820.74,116.0,39623.91,460.0,12
2020-03-16,12352.05,121.0,40964.61,485.0,12
2020-03-15,9594.67,94.0,0.0,0.0,11
2020-03-14,15072.95,138.0,0.0,0.0,11
2020-03-13,14037.7,132.0,35467.13,424.0,11
2020-03-12,15240.76,137.0,30862.08,358.0,11
2020-03-11,10940.72,108.0,28825.67,334.0,11
2020-03-10,12397.53,120.0,32817.99,394.0,11
2020-03-09,10802.58,104.0,35804.85,431.0,11
2020-03-08,11374.6,106.0,0.0,0.0,10
2020-03-07,13361.56,128.0,0.0,0.0,10
2020-03-06,16373.05,159.0,36354.26,439.0,10
2020-03-05,13538.66,130.0,28456.88,348.0,10
2020-03-04,11161.23,105.0,25649.93,303.0,10
2020-03-03,9053.62,91.0,23221.9,268.0,10
2020-03-02,5948.65,56.0,26584.1,299.0,10
2020-03-01,6197.8,56.0,0.0,0.0,9
2020-02-29,7111.31,65.0,0.0,0.0,9
2020-02-28,6880.86,64.0,21335.67,251.0,9
2020-02-27,5883.33,52.0,20414.66,228.0,9
2020-02-26,6117.66,60.0,18237.96,199.0,9
2020-02-25,6990.42,71.0,14612.27,180.0,9
2020-02-24,4732.67,45.0,12163.73,144.0,9
2020-02-23,6184.78,58.0,0.0,0.0,8
2020-02-22,5235.11,53.0,0.0,0.0,8
2020-02-21,4385.86,43.0,11046.42,117.0,8
2020-02-20,2341.65,22.0,7456.77,92.0,8
2020-02-19,5986.65,56.0,10481.96,116.0,8
2020-02-18,3769.76,38.0,7755.75,87.0,8
2020-02-17,1388.91,14.0,6768.6,81.0,8
2020-02-16,324.4,3.0,0.0,0.0,7
2020-02-15,2426.05,25.0,0.0,0.0,7
2020-02-14,2320.73,23.0,4106.12,49.0,7
2020-02-13,2553.43,25.0,2749.39,31.0,7
2020-02-12,2427.08,23.0,4026.1,46.0,7
2020-02-11,0.0,0.0,3317.8,37.0,7
2020-02-10,0.0,0.0,5522.89,61.0,7
2020-02-07,470.97,5.0,1182.45,15.0,6
2020-02-06,711.32,8.0,773.75,9.0,6
2020-02-05,2781.27,32.0,1039.81,13.0,6
2020-02-04,4215.68,45.0,1944.14,22.0,6
2020-01-23,0.0,0.0,3937.17,45.0,4
2020-01-22,1345.45,13.0,8847.6,99.0,4
2020-01-21,2028.38,19.0,16872.54,202.0,4
2020-01-20,2548.58,26.0,25712.43,304.0,4
2020-01-19,9270.66,89.0,32118.7,397.0,3
2020-01-18,13375.76,125.0,0.0,0.0,3
2020-01-17,12578.43,121.0,55108.92,647.0,3
2020-01-16,12142.97,120.0,50347.34,594.0,3
2020-01-15,13262.29,131.0,56036.97,663.0,3
2020-01-14,10192.44,103.0,57538.33,697.0,3
2020-01-13,12783.57,124.0,62711.55,724.0,3
2020-01-12,15532.18,155.0,0.0,0.0,2
2020-01-11,21960.22,215.0,0.0,0.0,2
2020-01-10,18924.44,184.0,60003.01,687.0,2
2020-01-09,17175.76,175.0,52712.35,603.0,2
2020-01-08,14517.39,149.0,44826.97,524.0,2
2020-01-07,13736.56,139.0,42011.61,500.0,2
2020-01-06,15562.77,161.0,43619.25,499.0,2
2020-01-05,16223.24,152.0,0.0,0.0,1
2020-01-04,16980.72,167.0,0.0,0.0,1
2020-01-03,14457.61,138.0,43487.45,497.0,1
2020-01-02,15494.02,157.0,33186.91,408.0,1
2020-01-01,16324.95,160.0,0.0,0.0,1
2019-12-31,16379.6,166.0,42212.71,509.0,1
2019-12-30,24119.77,240.0,47275.54,565.0,1
2019-12-29,32788.22,333.0,0.0,0.0,52
2019-12-28,26730.82,275.0,0.0,0.0,52
2019-12-27,17142.44,165.0,48216.46,574.0,52
2019-12-26,21340.46,216.0,45091.79,543.0,52
2019-12-25,18208.25,177.0,43187.57,523.0,52
2019-12-24,12730.35,123.0,43018.17,535.0,52
2019-12-23,14012.16,134.0,47967.24,585.0,52
2019-12-22,15042.56,142.0,0.0,0.0,51
2019-12-21,16450.89,159.0,0.0,0.0,51
2019-12-20,13091.08,122.0,50568.2,604.0,51
2019-12-19,14442.09,144.0,42439.5,517.0,51
2019-12-18,16273.75,162.0,36470.91,454.0,51
2019-12-17,16538.67,162.0,38752.0,462.0,51
2019-12-16,13559.95,132.0,40776.69,521.0,51
2019-12-15,15851.47,156.0,0.0,0.0,50
2019-12-14,13675.41,134.0,0.0,0.0,50
2019-12-13,11040.02,105.0,48509.01,560.0,50
2019-12-12,13756.48,132.0,39733.71,487.0,50
2019-12-11,13101.07,123.0,40188.54,481.0,50
2019-12-10,14020.24,135.0,36203.12,431.0,50
2019-12-09,9938.64,93.0,39837.98,467.0,50
2019-12-08,14579.48,140.0,0.0,0.0,49
2019-12-07,15697.93,152.0,0.0,0.0,49
2019-12-06,15128.17,145.0,42814.39,515.0,49
2019-12-05,15243.48,156.0,36573.67,432.0,49
2019-12-04,14359.12,137.0,30458.83,360.0,49
2019-12-03,13656.21,136.0,27588.11,320.0,49
2019-12-02,14344.83,140.0,34565.44,413.0,49
2019-12-01,13599.33,131.0,0.0,0.0,48
2019-11-30,13447.35,125.0,0.0,0.0,48
2019-11-29,15546.01,144.0,38952.66,468.0,48
2019-11-28,13771.3,127.0,33505.52,405.0,48
2019-11-27,10349.38,100.0,31685.17,376.0,48
2019-11-26,12936.09,129.0,29233.41,350.0,48
2019-11-25,8877.5,86.0,37290.9,448.0,48
2019-11-24,9529.25,92.0,0.0,0.0,47
2019-11-23,8679.14,83.0,0.0,0.0,47
2019-11-22,10696.87,101.0,44631.09,543.0,47
2019-11-21,12019.56,123.0,34880.52,437.0,47
2019-11-20,11780.66,114.0,34030.71,429.0,47
2019-11-19,10246.58,95.0,35050.7,415.0,47
2019-11-18,9737.69,97.0,38288.94,469.0,47
2019-11-17,9933.36,93.0,0.0,0.0,46
2019-11-16,8984.87,87.0,0.0,0.0,46
2019-11-15,9332.37,88.0,42085.45,486.0,46
2019-11-14,14010.3,129.0,30624.25,389.0,46
2019-11-13,9078.8,90.0,33708.74,394.0,46
2019-11-12,7250.85,70.0,29397.33,387.0,46
2019-11-11,9991.44,101.0,33589.62,409.0,46
2019-11-10,10268.89,99.0,0.0,0.0,45
2019-11-09,9239.95,94.0,0.0,0.0,45
2019-11-08,12871.98,131.0,41238.58,505.0,45
2019-11-07,10970.65,109.0,29026.82,363.0,45
2019-11-06,10067.82,97.0,31824.73,393.0,45
2019-11-05,10922.12,111.0,27753.41,309.0,45
2019-11-04,11811.73,118.0,32104.62,384.0,45
2019-11-03,12417.27,125.0,0.0,0.0,44
2019-11-02,11569.09,112.0,0.0,0.0,44
2019-11-01,13716.26,129.0,35981.76,428.0,44
2019-10-31,6883.96,74.0,31408.31,371.0,44
2019-10-30,7969.77,86.0,32329.47,390.0,44
2019-10-29,4942.38,50.0,27489.6,342.0,44
2019-10-28,6552.11,65.0,34486.55,432.0,44
2019-10-27,11309.7,109.0,0.0,0.0,43
2019-10-26,11946.66,118.0,0.0,0.0,43
2019-10-25,8781.93,87.0,42261.82,509.0,43
2019-10-24,9569.16,98.0,37519.34,424.0,43
2019-10-23,8108.29,81.0,34497.76,433.0,43
2019-10-22,6224.24,61.0,32343.95,408.0,43
2019-10-21,8613.17,85.0,39200.32,501.0,43
2019-10-20,12262.93,118.0,0.0,0.0,42
2019-10-19,8082.81,77.0,0.0,0.0,42
2019-10-18,10608.11,105.0,46044.52,583.0,42
2019-10-17,10323.41,101.0,36179.83,470.0,42
2019-10-16,13184.86,129.0,40946.77,497.0,42
2019-10-15,12086.65,121.0,35377.24,458.0,42
2019-10-14,7781.63,75.0,37671.63,465.0,42
2019-10-13,12825.29,128.0,0.0,0.0,41
2019-10-12,10787.35,106.0,29507.0,368.0,41
2019-10-11,8996.99,89.0,31756.05,379.0,41
2019-10-10,11981.99,117.0,27613.72,329.0,41
2019-10-09,11219.73,110.0,22734.59,291.0,41
2019-10-08,6028.88,58.0,22222.15,255.0,41
2019-10-07,5277.27,51.0,0.0,0.0,41
2019-10-06,3891.63,41.0,0.0,0.0,40
2019-10-05,3784.79,39.0,0.0,0.0,40
2019-10-04,4815.75,50.0,0.0,0.0,40
2019-10-03,6346.0,62.0,0.0,0.0,40
2019-10-02,5146.58,54.0,0.0,0.0,40
2019-10-01,11025.88,115.0,0.0,0.0,40
2019-09-30,7253.11,76.0,27269.76,328.0,40
2019-09-29,11024.07,106.0,30483.78,380.0,39
2019-09-28,10830.67,110.0,0.0,0.0,39
2019-09-27,11267.01,114.0,33711.05,424.0,39
2019-09-26,10868.98,106.0,27976.93,349.0,39
2019-09-25,13219.65,128.0,32292.56,416.0,39
2019-09-24,8446.65,82.0,36601.49,421.0,39
2019-09-23,10399.99,104.0,36140.72,441.0,39
2019-09-22,11726.84,119.0,0.0,0.0,38
2019-09-21,9205.19,93.0,0.0,0.0,38
2019-09-20,14123.1,142.0,36798.66,456.0,38
2019-09-19,11633.86,123.0,32793.51,387.0,38
2019-09-18,9977.72,103.0,35123.03,418.0,38
2019-09-17,9346.96,97.0,30154.6,379.0,38
2019-09-16,7530.73,82.0,33308.76,384.0,38
2019-09-15,5611.77,56.0,0.0,0.0,37
2019-09-14,8951.81,89.0,0.0,0.0,37
2019-09-13,7363.38,76.0,0.0,0.0,37
2019-09-12,7643.12,76.0,38806.42,454.0,37
2019-09-11,6831.96,71.0,31430.66,376.0,37
2019-09-10,6950.9,71.0,27528.6,341.0,37
2019-09-09,6279.13,65.0,30302.83,364.0,37
2019-09-08,8513.15,85.0,0.0,0.0,36
2019-09-07,6687.73,71.0,0.0,0.0,36
2019-09-06,6906.5,71.0,36173.18,436.0,36
2019-09-05,7570.95,81.0,27782.54,322.0,36
2019-09-04,8643.8,93.0,25406.76,298.0,36
2019-09-03,10724.29,116.0,25840.22,283.0,36
2019-09-02,10135.25,105.0,22878.34,282.0,36
2019-09-01,10719.56,113.0,0.0,0.0,35
2019-08-31,7883.67,76.0,0.0,0.0,35
2019-08-30,7101.35,72.0,36209.18,423.0,35
2019-08-29,7336.68,75.0,27690.52,346.0,35
2019-08-28,8634.8,88.0,24178.65,290.0,35
2019-08-27,6843.24,70.0,25193.93,310.0,35
2019-08-26,7679.09,80.0,29948.16,372.0,35
2019-08-25,8015.52,77.0,0.0,0.0,34
2019-08-24,9011.55,96.0,0.0,0.0,34
2019-08-23,6780.41,71.0,33258.85,376.0,34
2019-08-22,7865.57,80.0,28999.25,344.0,34
2019-08-21,8640.12,93.0,24758.37,289.0,34
2019-08-20,8043.7,87.0,22711.79,298.0,34
2019-08-19,7251.51,76.0,31321.34,368.0,34
2019-08-18,7786.84,83.0,0.0,0.0,33
2019-08-17,7007.46,75.0,0.0,0.0,33
2019-08-16,11137.49,119.0,31827.13,389.0,33
2019-08-15,10035.89,109.0,25225.06,312.0,33
2019-08-14,9618.49,103.0,26782.0,319.0,33
2019-08-13,9015.48,101.0,24002.83,297.0,33
2019-08-12,8478.04,91.0,30344.02,384.0,33
2019-08-11,10273.87,113.0,0.0,0.0,32
2019-08-10,10400.41,114.0,0.0,0.0,32
2019-08-09,9929.68,110.0,33676.85,411.0,32
2019-08-08,11658.66,125.0,27809.66,332.0,32
2019-08-07,10901.95,112.0,23138.2,279.0,32
2019-08-06,9444.58,105.0,26788.63,310.0,32
2019-08-05,10423.62,113.0,27880.28,349.0,32
2019-08-04,10800.62,115.0,0.0,0.0,31
2019-08-03,12389.63,129.0,0.0,0.0,31
2019-08-02,9387.93,105.0,27403.02,332.0,31
2019-08-01,17554.26,177.0,23334.84,296.0,31
2019-07-31,9515.38,102.0,28237.42,343.0,31
2019-07-30,7936.14,86.0,26422.83,318.0,31
2019-07-29,9229.98,96.0,28242.58,337.0,31
2019-07-28,12197.43,127.0,0.0,0.0,30
2019-07-27,10469.41,108.0,0.0,0.0,30
2019-07-26,12042.29,127.0,33126.57,403.0,30
2019-07-25,14370.71,154.0,26664.11,338.0,30
2019-07-24,13173.29,140.0,25472.15,314.0,30
2019-07-23,13537.7,136.0,27035.7,311.0,30
2019-07-22,9701.77,102.0,28837.55,341.0,30
2019-07-21,10611.68,107.0,0.0,0.0,29
2019-07-20,9598.92,98.0,0.0,0.0,29
2019-07-19,15212.24,153.0,30197.02,368.0,29
2019-07-18,13234.27,137.0,30189.79,332.0,29
2019-07-17,10940.1,113.0,26529.71,319.0,29
2019-07-16,9948.05,111.0,0.0,0.0,29
2019-07-15,9614.59,104.0,26038.99,308.0,29
2019-07-14,9696.54,99.0,0.0,0.0,28
2019-07-13,12736.78,128.0,0.0,0.0,28
2019-07-12,8872.35,96.0,34006.57,413.0,28
2019-07-11,12949.31,137.0,34344.83,374.0,28
2019-07-10,12534.92,131.0,32539.11,369.0,28
2019-07-09,7540.95,82.0,27122.33,338.0,28
2019-07-08,8324.59,88.0,28649.57,360.0,28
2019-07-07,11964.03,127.0,0.0,0.0,27
2019-07-06,11777.31,121.0,0.0,0.0,27
2019-07-05,11179.58,115.0,36626.97,435.0,27
2019-07-04,11906.05,125.0,27250.64,306.0,27
2019-07-03,9836.03,101.0,30196.99,316.0,27
2019-07-02,13438.07,138.0,23944.89,272.0,27
2019-07-01,13895.01,144.0,25744.21,311.0,27
2019-06-30,9017.3,96.0,0.0,0.0,26
2019-06-29,11757.16,120.0,0.0,0.0,26
2019-06-28,11234.8,120.0,35028.8,426.0,26
2019-06-27,11624.78,122.0,25905.19,317.0,26
2019-06-26,9879.88,103.0,28009.58,348.0,26
2019-06-25,7779.93,82.0,19870.5,252.0,26
2019-06-24,8450.0,87.0,27065.09,328.0,26
2019-06-23,9758.25,99.0,0.0,0.0,25
2019-06-22,10124.72,105.0,0.0,0.0,25
2019-06-21,7771.12,81.0,35377.28,422.0,25
2019-06-20,7663.73,82.0,32700.9,371.0,25
2019-06-19,12942.41,135.0,26618.57,337.0,25
2019-06-18,9021.9,93.0,28381.64,334.0,25
2019-06-17,10476.82,112.0,29711.88,353.0,25
2019-06-16,12825.64,131.0,0.0,0.0,24
2019-06-15,11805.6,125.0,0.0,0.0,24
2019-06-14,12429.16,131.0,32116.89,410.0,24
2019-06-13,15335.77,151.0,25927.39,315.0,24
2019-06-12,14218.56,143.0,26382.38,337.0,24
2019-06-11,12086.03,124.0,26445.84,292.0,24
2019-06-10,10588.4,105.0,25713.28,321.0,24
2019-06-09,12719.18,130.0,0.0,0.0,23
2019-06-08,14734.93,149.0,0.0,0.0,23
2019-06-07,13977.2,147.0,0.0,0.0,23
2019-06-06,14652.35,153.0,30675.94,392.0,23
2019-06-05,13622.74,144.0,25679.15,308.0,23
2019-06-04,10208.43,111.0,23553.61,287.0,23
2019-06-03,9074.19,97.0,28339.47,360.0,23
2019-06-02,10337.93,110.0,0.0,0.0,22
2019-06-01,11631.31,123.0,0.0,0.0,22
2019-05-31,8191.64,89.0,42017.46,455.0,22
2019-05-30,10098.26,107.0,32138.46,368.0,22
2019-05-29,7927.24,86.0,27810.28,328.0,22
2019-05-28,8779.12,94.0,26966.17,317.0,22
2019-05-27,11982.8,125.0,33359.64,396.0,22
2019-05-26,13056.5,139.0,0.0,0.0,21
2019-05-25,14247.55,155.0,0.0,0.0,21
2019-05-24,15048.91,157.0,36179.6,453.0,21
2019-05-23,15640.6,164.0,30058.29,382.0,21
2019-05-22,14639.73,150.0,29610.8,356.0,21
2019-05-21,15030.67,152.0,27576.06,338.0,21
2019-05-20,14839.13,151.0,36113.27,438.0,21
2019-05-19,14396.64,144.0,0.0,0.0,20
2019-05-18,15523.27,161.0,0.0,0.0,20
2019-05-17,15662.82,160.0,41357.92,508.0,20
2019-05-16,14064.43,147.0,34059.5,405.0,20
2019-05-15,16814.58,173.0,36740.16,419.0,20
2019-05-14,15819.28,166.0,29238.9,361.0,20
2019-05-13,14970.0,153.0,41114.29,469.0,20
2019-05-12,15566.15,161.0,0.0,0.0,19
2019-05-11,14037.99,148.0,0.0,0.0,19
2019-05-10,16632.08,173.0,45234.03,517.0,19
2019-05-09,16001.24,167.0,30868.95,386.0,19
2019-05-08,18438.59,195.0,27799.28,336.0,19
2019-05-07,19492.63,200.0,24767.39,343.0,19
2019-05-06,16093.14,166.0,23060.98,294.0,19
2019-05-05,13462.08,140.0,25818.69,318.0,18
2019-05-04,13178.46,141.0,0.0,0.0,18
2019-05-03,14169.98,145.0,0.0,0.0,18
2019-05-02,13568.34,142.0,0.0,0.0,18
2019-05-01,14688.97,156.0,0.0,0.0,18
2019-04-30,10299.86,107.0,41340.21,468.0,18
2019-04-29,12411.97,132.0,35217.34,464.0,18
2019-04-28,12104.22,127.0,35585.52,434.0,17
2019-04-27,10172.27,109.0,0.0,0.0,17
2019-04-26,13472.52,141.0,36662.31,488.0,17
2019-04-25,10912.11,118.0,35000.12,429.0,17
2019-04-24,8497.01,90.0,33568.38,430.0,17
2019-04-23,8793.89,90.0,30323.92,394.0,17
2019-04-22,7279.84,76.0,36150.57,446.0,17
2019-04-21,8485.91,88.0,0.0,0.0,16
2019-04-20,9424.52,101.0,0.0,0.0,16
2019-04-19,9235.67,97.0,39458.64,485.0,16
2019-04-18,11248.49,118.0,28465.18,363.0,16
2019-04-17,13132.21,135.0,30326.54,379.0,16
2019-04-16,4771.62,48.0,26525.34,337.0,16
2019-04-15,6692.18,70.0,32547.28,397.0,16
2019-04-14,6072.5,65.0,0.0,0.0,15
2019-04-13,9718.45,101.0,0.0,0.0,15
2019-04-12,7662.01,75.0,36533.66,455.0,15
2019-04-11,7384.04,75.0,29993.64,360.0,15
2019-04-10,6157.28,63.0,24732.55,325.0,15
2019-04-09,3863.5,41.0,23836.42,294.0,15
2019-04-08,1689.0,18.0,25056.66,297.0,15
2019-04-07,2935.99,31.0,0.0,0.0,14
2019-04-06,3269.65,36.0,0.0,0.0,14
2019-04-05,6336.38,69.0,0.0,0.0,14
2019-04-04,10994.76,113.0,27388.62,341.0,14
2019-04-03,11034.42,121.0,25383.03,298.0,14
2019-04-02,10151.76,109.0,22849.74,279.0,14
2019-04-01,13586.94,143.0,25164.04,285.0,14
2019-03-31,6769.77,70.0,0.0,0.0,13
2019-03-30,5864.77,62.0,0.0,0.0,13
2019-03-29,3991.41,42.0,28672.7,372.0,13
2019-03-28,4616.52,48.0,20473.48,276.0,13
2019-03-27,4549.34,49.0,19423.26,242.0,13
2019-03-26,2801.59,29.0,17434.49,220.0,13
2019-03-25,5842.52,63.0,23392.93,303.0,13
2019-03-24,9046.46,87.0,0.0,0.0,12
2019-03-23,11956.79,118.0,0.0,0.0,12
2019-03-22,12946.65,129.0,28039.89,336.0,12
2019-03-21,15670.03,160.0,19924.7,255.0,12
2019-03-20,13314.33,134.0,23284.18,275.0,12
2019-03-19,12613.46,123.0,17196.46,217.0,12
2019-03-18,9273.34,91.0,23926.08,263.0,12
2019-03-17,13302.63,127.0,0.0,0.0,11
2019-03-16,13469.74,135.0,0.0,0.0,11
2019-03-15,16508.69,166.0,21380.48,273.0,11
2019-03-14,11968.51,119.0,17179.93,214.0,11
2019-03-13,10784.17,112.0,17740.23,214.0,11
2019-03-12,8593.19,85.0,20795.56,206.0,11
2019-03-11,9582.51,98.0,17356.1,222.0,11
2019-03-10,9063.27,90.0,0.0,0.0,10
2019-03-09,11413.21,114.0,0.0,0.0,10
2019-03-08,11907.68,126.0,20168.98,252.0,10
2019-03-07,10379.12,110.0,14698.71,181.0,10
2019-03-06,12291.85,127.0,14912.79,190.0,10
2019-03-05,7492.73,78.0,14378.87,171.0,10
2019-03-04,8305.45,85.0,16114.24,198.0,10
2019-03-03,11113.03,114.0,0.0,0.0,9
2019-03-02,9589.77,100.0,0.0,0.0,9
2019-03-01,9710.16,99.0,18666.81,225.0,9
2019-02-28,9206.4,93.0,16760.83,201.0,9
2019-02-27,5353.84,56.0,14992.19,194.0,9
2019-02-26,6821.95,71.0,18287.9,219.0,9
2019-02-25,7392.4,76.0,19036.29,222.0,9
2019-02-24,9166.09,92.0,0.0,0.0,8
2019-02-23,8916.6,88.0,0.0,0.0,8
2019-02-22,9101.17,90.0,18183.79,219.0,8
2019-02-21,8743.36,87.0,15742.93,185.0,8
2019-02-20,9320.25,95.0,15129.71,167.0,8
2019-02-19,7705.49,82.0,13904.54,173.0,8
2019-02-18,8697.68,82.0,11316.05,141.0,8
2019-02-17,7485.27,71.0,0.0,0.0,7
2019-02-16,8098.95,80.0,0.0,0.0,7
2019-02-15,8041.73,80.0,13636.81,150.0,7
2019-02-14,7404.75,74.0,8852.71,106.0,7
2019-02-13,4543.13,47.0,5709.5,70.0,7
2019-02-12,0.0,0.0,5372.61,65.0,7
2019-02-03,0.0,0.0,2121.21,19.0,5
2019-02-02,736.68,7.0,2772.25,32.0,5
2019-02-01,780.58,8.0,5957.9,58.0,5
2019-01-31,1077.91,10.0,4525.38,55.0,5
2019-01-30,749.36,7.0,7100.21,81.0,5
2019-01-29,606.69,7.0,9162.57,108.0,5
2019-01-28,3059.51,30.0,15254.01,179.0,5
2019-01-27,3995.98,39.0,0.0,0.0,4
2019-01-26,5425.37,55.0,0.0,0.0,4
2019-01-25,8743.08,87.0,18499.78,227.0,4
2019-01-24,8914.88,92.0,18322.21,199.0,4
2019-01-23,8198.42,80.0,23073.57,236.0,4
2019-01-22,8869.16,88.0,18722.52,226.0,4
2019-01-21,7586.39,76.0,22504.75,266.0,4
2019-01-20,11300.15,107.0,0.0,0.0,3
2019-01-19,9449.63,92.0,0.0,0.0,3
2019-01-18,11235.63,114.0,25729.92,322.0,3
2019-01-17,11498.29,110.0,21464.07,237.0,3
2019-01-16,11568.46,116.0,18527.22,221.0,3
2019-01-15,13081.61,127.0,18592.58,202.0,3
2019-01-14,12177.21,118.0,27121.77,258.0,3
2019-01-13,9501.48,92.0,0.0,0.0,2
2019-01-12,9625.69,96.0,0.0,0.0,2
2019-01-11,7820.44,80.0,23692.42,280.0,2
2019-01-10,11202.38,112.0,21580.85,250.0,2
2019-01-09,11560.21,116.0,18708.57,232.0,2
2019-01-08,7630.94,77.0,18805.21,210.0,2
2019-01-07,6939.91,71.0,22627.8,246.0,2
2019-01-06,9447.86,98.0,0.0,0.0,1
2019-01-05,8729.81,93.0,0.0,0.0,1
2019-01-04,13886.89,142.0,20085.66,242.0,1
2019-01-03,8215.81,81.0,18670.01,167.0,1
2019-01-02,5863.54,50.0,11274.35,143.0,1
2019-01-01,4313.98,42.0,0.0,0.0,1
