area,date,volume
46531.70,2023-02-20,404
60291.93,2023-02-21,535
66317.07,2023-03-07,585
46248.65,2023-02-16,395
65548.85,2023-02-24,570
54163.48,2023-02-17,480
89074.54,2023-02-25,752
61093.67,2023-02-26,531
59440.55,2023-02-22,524
57527.03,2023-02-23,497
84090.67,2023-02-28,703
60469.75,2023-03-02,519
38665.66,2023-03-05,330
66517.67,2023-03-04,586
63475.86,2023-02-18,542
47582.61,2023-03-03,424
32103.06,2023-01-30,290
50622.70,2023-03-03,452
37241.5,2023-01-31,333
34007.32,2023-03-07,295
21190.21,2023-01-29,186
35251.58,2023-02-04,303
12138.66,2023-01-28,104
25279.99,2023-02-06,221
38006.43,2023-02-02,359
34136.92,2023-02-03,297
40161.78,2023-02-01,372
32060.77,2023-02-07,280
63681.31,2023-02-10,608
46459.46,2023-02-09,431
44598.13,2023-02-19,390
52100.26,2023-01-07,431
37681.44,2023-02-08,335
54105.44,2023-02-27,473
99378.57,2023-01-10,855
31054.48,2023-01-08,260
19197.42,2023-01-13,164
9763.57,2023-01-15,80
98494.8,2023-01-11,853
16347.89,2023-01-14,131
12105.63,2023-01-16,98
43471.44,2023-01-09,406
21563.32,2023-01-19,180
3392.97,2023-01-21,25
232.44,2023-01-22,2
1976.05,2023-01-27,17
34506.85,2023-01-12,289
20448.72,2023-01-17,171
423.15,2023-01-23,3
76907.87,2023-01-18,616
630.38,2023-01-24,5
8782.3,2023-01-20,72
48893.67,2022-12-19,426
69856.08,2022-12-24,580
46771.46,2022-12-25,383
45986.70,2022-12-18,403
47886.46,2022-12-26,383
67503.04,2022-12-21,584
100518.77,2022-12-27,857
57794.93,2022-12-20,493
65657.46,2022-12-22,555
211606.80,2022-12-30,1901
8783.57,2022-11-28,75
25942.67,2022-11-29,213
125461.89,2022-12-28,1105
22135.70,2023-02-05,189
16791.44,2022-12-02,138
22530.57,2022-12-03,184
27182.79,2022-11-30,216
26044.13,2022-12-01,216
15317.89,2022-12-05,132
21191.35,2022-12-06,178
20243.62,2022-12-08,178
14819.96,2022-12-04,123
81301.2,2022-12-09,711
13444.07,2022-12-12,112
30638.11,2022-12-11,260
85883.73,2022-12-14,755
36289.85,2022-12-07,318
35321.91,2022-12-16,295
26839.15,2022-11-15,241
59996.49,2022-12-10,519
54249.98,2022-12-17,481
23981.75,2022-11-09,206
22464.10,2022-11-08,185
30674.19,2022-12-13,251
59547.01,2022-12-23,480
56975.80,2022-12-15,491
27669.75,2022-11-12,241
16045.48,2022-11-13,140
17565.31,2022-11-14,156
157476.20,2022-12-29,1380
18801.86,2022-11-10,166
29999.12,2022-11-19,251
35502.93,2022-10-19,320
25682.92,2022-11-17,205
38006.42,2022-11-16,315
23091.54,2022-10-24,199
34661.48,2022-10-21,309
32634.69,2022-10-20,283
24022.42,2022-11-11,202
29572.51,2022-11-18,253
36168.32,2022-10-27,323
33285.95,2022-10-29,284
22529.05,2022-10-30,187
29602.33,2022-11-01,259
40612.73,2022-10-22,345
33310.81,2022-10-25,296
30904.56,2022-10-28,266
36456.47,2022-09-29,308
45754.38,2022-09-30,384
32721.03,2022-10-01,270
4650.60,2022-10-04,40
5240.35,2022-10-06,45
5653.66,2022-10-07,46
4072.39,2022-10-05,34
8879.13,2022-10-02,74
35761.46,2022-10-26,315
23321.44,2022-10-08,207
38707.70,2022-10-09,332
4286.02,2022-10-03,37
43325.17,2022-10-12,375
28453.21,2022-10-31,242
31156.09,2022-09-10,268
17093.16,2022-09-13,152
26555.53,2022-10-23,218
8039.30,2022-09-12,66
23639.93,2022-09-14,207
39511.77,2022-10-11,340
25643.65,2022-09-09,222
32957.99,2022-09-15,292
33160.98,2022-09-16,296
41523.53,2022-10-10,363
36092.40,2022-09-21,323
30908.36,2022-09-20,300
45442.72,2022-09-22,381
62549.54,2022-09-23,518
33227.05,2022-09-17,294
22929.88,2022-09-19,207
29083.77,2022-08-21,274
43835.05,2022-08-23,360
21425.87,2022-09-18,190
39704.25,2022-08-24,352
39261.28,2022-08-25,353
55905.30,2022-08-27,505
40238.32,2022-08-30,344
46836.49,2022-08-20,445
44747.24,2022-09-01,414
21352.35,2022-08-22,182
31784.24,2022-08-28,279
10980.66,2022-09-04,91
13844.12,2022-09-05,118
43491.86,2022-08-31,365
21303.37,2022-09-07,185
9124.45,2022-09-11,75
18820.24,2022-09-06,166
47255.06,2022-08-26,417
23541.23,2022-09-03,204
29441.25,2022-08-01,258
49209.79,2022-08-05,428
33128.19,2022-07-31,280
33100.54,2022-08-03,299
21909.40,2022-08-07,205
14207.59,2022-08-08,120
22280.62,2022-08-29,194
35507.94,2022-08-10,325
38946.96,2022-08-04,343
31487.59,2022-08-12,288
40543.97,2022-08-13,369
18193.12,2022-08-15,155
37839.91,2022-08-06,338
21339.55,2022-08-14,195
34582.42,2022-08-09,306
37733.52,2022-08-02,339
90245.74,2022-07-13,764
41769.42,2022-08-11,379
34655.07,2022-08-16,305
28665.15,2022-07-11,243
29657.68,2022-08-17,256
36409.83,2022-07-14,330
48986.81,2022-07-20,434
23582.27,2022-09-02,209
47715.24,2022-07-15,435
26926.43,2022-07-18,248
45205.38,2022-07-19,412
43357.24,2022-06-22,378
55570.05,2022-07-16,511
52166.74,2022-06-23,457
40879.19,2022-07-21,373
41209.12,2022-07-12,358
54635.39,2022-06-24,467
39516.79,2022-06-21,333
60927.17,2022-06-28,516
39004.49,2022-06-27,330
42342.71,2022-06-26,363
74906.24,2022-06-29,648
35214.23,2022-06-01,305
37218.93,2022-06-03,324
65936.82,2022-06-25,566
138376.98,2022-06-30,1178
18255.11,2022-06-06,162
33475.77,2022-06-02,293
11291.65,2022-06-05,95
34992.77,2022-06-08,310
37705.12,2022-06-11,327
40282.30,2022-06-09,352
34473.56,2022-06-10,301
27029.42,2022-07-17,240
19506.38,2022-06-13,178
48795.19,2022-07-22,428
23935.08,2022-06-12,210
35671.29,2022-06-14,315
32510.45,2022-06-07,277
31127.13,2022-06-19,269
42973.76,2022-06-17,381
42758.62,2022-06-18,373
40879.31,2022-05-13,340
23735.68,2022-06-20,205
20875.12,2022-06-04,184
18023.77,2022-05-15,153
28431.77,2022-05-19,253
32462.94,2022-05-12,266
37935.93,2022-06-15,330
38460.95,2022-05-18,328
32863.6,2022-05-20,279
26939.55,2022-05-23,243
25581.96,2022-05-22,222
16611.39,2022-05-16,144
35409.9,2022-05-24,309
30513.02,2022-05-17,257
41094.07,2022-05-27,357
28023.28,2022-04-22,239
37768.92,2022-05-25,331
22862.79,2022-04-24,189
29215.11,2022-05-21,254
23658.76,2022-04-26,206
23605.95,2022-04-25,203
29691.10,2022-04-23,239
34009.12,2022-04-28,309
40614.47,2022-05-14,343
11469.86,2022-05-02,99
52521.53,2022-05-26,464
28774.96,2022-04-27,238
15343.42,2022-05-01,128
30688.54,2022-04-30,259
13481.39,2022-05-03,120
34417.3,2022-04-29,290
13447.18,2022-04-04,117
5230.22,2022-04-05,47
50692.2,2022-04-02,483
22977.66,2022-04-06,219
47312.76,2022-04-07,450
28557.17,2022-04-09,261
16143.17,2022-04-10,140
29929.24,2022-04-12,265
12451.67,2022-05-04,104
22410.38,2022-04-13,200
64254.99,2022-04-16,654
37398.21,2022-04-08,342
19063.48,2022-04-17,173
28172.63,2022-04-03,259
31776.08,2022-03-15,288
48685.52,2022-06-16,428
27021.8,2022-03-16,233
39241.15,2022-04-18,402
47133.02,2022-04-15,476
40113.19,2022-03-19,350
42691.19,2022-03-18,427
35897.47,2022-03-13,317
33099.63,2022-03-17,335
22344.21,2022-03-20,181
21930.07,2022-03-21,216
39588.41,2022-03-22,375
19874.07,2022-02-21,177
15436.59,2022-04-11,137
30938.14,2022-02-22,276
37060.08,2022-03-23,369
50383.3,2022-02-25,445
36819.68,2022-02-24,323
49144.65,2022-02-26,437
30492.94,2022-03-03,268
26131.91,2022-04-14,223
33015.79,2022-03-02,280
28064.19,2022-02-28,240
27974.47,2022-02-27,242
35407.92,2022-02-23,315
19106.48,2022-03-14,173
37938.65,2022-03-01,326
30934.09,2022-03-09,270
31967.16,2022-03-05,275
17631.65,2022-03-06,156
30452.65,2022-03-10,273
33115.1,2022-03-04,281
1625.68,2022-02-03,15
3527.41,2022-02-05,32
44354.85,2022-03-08,403
3629.49,2022-02-06,32
6495.62,2022-02-07,56
14083.07,2022-02-08,122
1950.31,2022-02-02,18
22805.29,2022-03-07,206
26867.37,2022-02-11,229
26742.55,2022-02-12,225
16431.74,2022-02-14,135
46072.11,2022-02-15,389
20563.15,2022-02-10,177
50651.51,2022-02-16,438
54679.63,2022-02-18,498
17999.76,2022-02-09,145
49344.29,2022-02-19,439
25301.82,2022-03-11,230
22507.18,2022-02-20,205
30594.32,2022-03-12,263
41430.82,2022-03-24,365
425.05,2022-02-01,4
1791.35,2022-02-04,17
19326.49,2022-02-17,180
49347.20,2022-01-15,468
25496.57,2022-01-16,233
27555.27,2022-01-17,249
50429.89,2022-01-19,467
92528.35,2022-01-20,985
48544,2022-01-12,405
43005.25,2022-01-22,394
46700.87,2022-01-21,447
70147.13,2022-01-13,506
17837.60,2022-02-13,146
69131.16,2022-01-14,717
127596.85,2021-12-25,1091
19758.5,2022-01-24,168
20506.75,2022-01-23,175
33280.72,2021-12-27,286
37772.59,2022-01-18,347
222677.35,2021-12-31,2090
306857.91,2021-12-23,2967
51636.88,2021-12-26,439
161911.94,2021-12-24,1494
10926.29,2022-01-02,93
44819.88,2022-01-01,392
14158.64,2022-01-03,124
74955.46,2021-12-29,632
34141.8,2022-01-04,293
54681.88,2021-12-28,460
56977.92,2022-01-06,483
42932.67,2022-01-07,374
53074.41,2022-01-25,511
20971.62,2022-01-09,167
64720.68,2021-12-30,547
27656.28,2022-01-10,239
95689.56,2021-12-03,856
64514.43,2021-12-04,594
52290.29,2022-01-05,457
33391.39,2022-01-08,292
69802.37,2021-12-10,626
43668.48,2021-12-06,401
59256.62,2021-12-07,531
42864.03,2022-01-11,367
35236.54,2021-12-12,291
69120.04,2021-12-15,601
70722.20,2021-12-08,672
42787.80,2021-12-05,373
71559.49,2021-12-09,650
84734.78,2021-12-16,742
108416.9,2021-12-17,954
70527.78,2021-12-14,603
46681.7,2021-12-13,384
42387.01,2021-11-18,366
27337.03,2021-11-14,237
49731.96,2021-11-16,433
189269.53,2021-11-19,1884
72212.70,2021-12-11,599
22140.96,2021-10-24,196
47378.19,2021-11-17,417
22094.19,2021-10-25,194
47237.11,2021-10-27,419
39097.71,2021-11-22,348
30346.84,2021-11-15,263
53575.28,2021-11-13,461
60096.97,2021-10-30,509
48128.69,2021-10-29,427
55573.32,2021-10-28,482
42480.37,2021-10-26,370
39076.97,2021-11-21,341
22915.05,2021-11-01,229
65202.37,2021-11-03,596
46649.79,2021-11-02,426
6260.80,2021-10-05,53
7887.05,2021-10-06,66
11056.59,2021-10-07,100
24946.50,2021-10-31,211
51865.67,2021-11-20,462
47213.59,2021-10-10,416
60394.31,2021-10-14,515
181856.21,2021-10-12,1731
51278.70,2021-10-16,451
19400.57,2021-10-08,175
53110.95,2021-10-11,452
26029.47,2021-10-18,227
25171.25,2021-10-17,219
4927.79,2021-10-04,47
47951.37,2021-10-19,435
52296.96,2021-10-22,464
67133.65,2021-10-21,607
47190.04,2021-10-09,423
58424.6,2021-10-13,510
55426.89,2021-10-20,487
114818.69,2021-09-16,818
238487.2,2021-09-15,1885
72748.70,2021-09-14,637
43412.47,2021-11-04,391
37924.13,2021-09-19,333
19378.33,2021-09-22,173
16421.16,2021-09-20,143
64819.1,2021-10-15,574
11824.16,2021-09-21,107
40859.29,2021-09-25,352
43904.43,2021-09-26,377
48924.38,2021-09-18,429
57456.09,2021-09-24,508
38585.79,2021-10-01,342
47666.97,2021-09-23,426
68750.17,2021-09-29,597
49705.91,2021-09-27,428
11863.40,2021-10-02,102
7450.75,2021-10-03,67
48879.16,2021-09-17,399
47211.63,2021-10-23,418
48545.04,2021-08-26,415
51390.97,2021-08-28,460
46411.99,2021-08-25,406
28476.25,2021-08-29,247
92890.34,2021-08-31,837
74896.3,2021-09-30,659
28277.95,2021-09-05,241
38160.62,2021-08-30,342
62358.96,2021-09-03,522
29795.19,2021-09-06,252
90463.84,2021-09-01,825
48100.28,2021-09-07,415
52007.98,2021-08-27,453
55410.69,2021-09-09,490
50746.65,2021-09-10,450
54347.83,2021-09-04,448
24138.38,2021-09-12,224
60553.85,2021-09-28,536
79747.82,2021-09-02,697
52334.89,2021-08-06,446
42126.34,2021-08-07,358
56374.09,2021-09-08,492
29848.14,2021-08-08,253
40044.02,2021-08-10,353
50791.36,2021-08-05,429
41593.84,2021-09-11,374
24237.06,2021-08-09,217
18084.39,2021-08-15,156
32074.61,2021-08-13,286
34798.87,2021-08-17,291
46230.17,2021-08-19,406
39411.22,2021-08-12,335
21453.20,2021-08-22,181
22242.07,2021-08-23,190
32436.95,2021-08-24,284
47084.31,2021-08-20,414
66700.74,2021-07-16,572
36406.30,2021-08-14,320
38924.85,2021-08-11,331
50801.94,2021-07-20,427
74952.87,2021-07-22,644
66499.14,2021-07-23,587
61518,2021-07-24,535
25421.3,2021-07-18,208
41865.08,2021-08-18,372
45606.32,2021-08-21,376
70445.34,2021-07-21,597
59379.27,2021-07-27,507
65247.76,2021-07-28,557
32398.01,2021-07-19,272
60330.51,2021-07-29,529
35872.84,2021-07-26,307
33410.68,2021-07-25,294
156567.33,2021-06-26,1284
89438.42,2021-06-28,738
192224.7,2021-06-30,1580
71732.95,2021-07-01,584
126024.96,2021-06-27,1059
77190.44,2021-07-02,644
20485.65,2021-08-16,177
43525.56,2021-07-04,370
71863.47,2021-07-03,631
162075.71,2021-06-29,1358
55802.78,2021-07-17,481
71749.94,2021-07-06,637
75211.95,2021-07-10,660
40120.18,2021-07-12,334
41532.91,2021-07-05,351
85845.79,2021-07-09,744
64178.04,2021-07-13,547
68864.84,2021-07-14,578
58191.74,2021-07-30,479
64307.01,2021-07-08,562
64473.11,2021-07-31,560
81407.23,2021-07-07,703
70228.59,2021-08-03,613
54036.19,2021-08-04,473
46020.94,2021-08-02,398
31834.74,2021-09-13,266
75871.31,2021-07-15,694
41818.09,2021-11-05,380
19108.66,2021-11-07,171
33556.75,2021-11-09,310
108787.61,2021-11-10,919
49519.90,2021-11-23,450
20649.2,2021-11-08,182
54180.71,2021-11-12,460
55300.18,2021-11-24,492
41193.74,2021-11-29,384
36251.87,2021-11-28,311
183657.75,2021-11-27,1812
67457.74,2021-11-30,589
65512.8,2021-12-01,592
56241.45,2021-11-25,502
67324.01,2021-11-26,606
112810.52,2021-12-02,963
43761.12,2021-11-06,400
80381.36,2021-06-09,669
56151.35,2021-06-07,470
63708.46,2021-06-10,555
73362.19,2021-06-08,602
83540.88,2021-06-12,672
35486.09,2021-06-13,297
96690.16,2021-11-11,812
85812.28,2021-06-16,757
85977.18,2021-05-18,712
29197.32,2021-06-14,250
79668.21,2021-06-11,755
86455.98,2021-06-17,738
47710.72,2021-06-06,405
45200.10,2021-05-23,383
83130.79,2021-05-21,706
77588.21,2021-05-22,659
83943.88,2021-05-25,701
48633.01,2021-05-24,423
32881.41,2021-06-15,280
93956.36,2021-05-26,812
107715.61,2021-05-27,929
51341.55,2021-05-17,435
107392.5,2021-05-19,900
95316.18,2021-04-27,816
95183.75,2021-04-28,811
86918.88,2021-05-20,735
30431.61,2021-05-02,270
92193.81,2021-04-29,783
91559.84,2021-05-08,775
19947.26,2021-05-04,175
95664.22,2021-04-30,806
42026.3,2021-05-06,374
84652.71,2021-05-10,744
101135.69,2021-05-11,871
19319.78,2021-05-05,173
78258.49,2021-05-01,687
95962.58,2021-05-13,837
108634.69,2021-05-12,935
83941.91,2021-04-08,718
99397.35,2021-05-14,828
82086.4,2021-04-09,708
45285.49,2021-04-11,383
84267.98,2021-04-14,732
86497.5,2021-04-13,732
88249.18,2021-04-15,772
83496.86,2021-04-07,705
87665.08,2021-04-10,770
110239.39,2021-04-16,951
109931.43,2021-05-09,945
56637.07,2021-04-19,494
52971.24,2021-04-18,454
86964.27,2021-04-20,731
80567.37,2021-03-18,664
46777.83,2021-04-12,411
43572.95,2021-03-21,371
78008.73,2021-03-23,677
59935.95,2021-03-20,519
48268.45,2021-03-22,423
86794.18,2021-03-25,765
18607.62,2021-05-03,160
49621.88,2021-03-28,437
68378.13,2021-04-17,594
65598.16,2021-03-19,554
106232.21,2021-03-26,934
81065.7,2021-05-07,696
77770.31,2021-03-24,677
94682.44,2021-03-30,823
100500.41,2021-03-31,845
39402.12,2021-02-28,346
54078.34,2021-02-27,472
62236.41,2021-03-04,533
56986.07,2021-02-26,490
56099.26,2021-03-29,483
44189.73,2021-03-01,392
57192.29,2021-03-06,490
68458.47,2021-03-03,590
74866.06,2021-03-02,644
29645.16,2021-03-07,258
87406.92,2021-03-27,777
55033.85,2021-03-09,477
35788.93,2021-03-08,309
83577.6,2021-03-05,756
73424.22,2021-03-10,645
84524.16,2021-03-11,766
10473.61,2021-02-10,89
375.06,2021-02-18,10
47979.91,2021-02-08,399
49503.80,2021-02-06,414
1487.08,2021-02-18,16
46788.58,2021-02-07,412
365.13,2021-02-18,3
38903.91,2021-02-20,340
139.43,2021-02-18,1
16203.12,2021-02-18,140
1190.48,2021-02-18,13
125.19,2021-02-18,1
48975.53,2021-02-21,439
52096.77,2021-02-23,483
40676.62,2021-02-19,355
71400.8,2021-03-12,607
53686.81,2021-02-24,470
44992.04,2021-01-18,394
30843.66,2021-02-09,237
58240.11,2021-01-19,514
31232.78,2021-01-17,276
3580.39,2021-02-18,37
63172.78,2021-01-20,544
62884.74,2021-01-21,545
59964.05,2021-02-25,511
22150.76,2021-01-25,206
72175.78,2021-01-25,660
88143.81,2021-01-27,711
33257.39,2021-01-31,291
86494.52,2021-01-30,716
80842.28,2021-01-28,677
65218.34,2021-02-02,518
71526.28,2021-01-26,570
57701.91,2021-01-22,512
105532.85,2020-12-28,945
35086.22,2021-02-01,304
85801.56,2021-01-29,710
264418.79,2020-12-30,2288
34920.94,2021-01-25,296
135545.96,2021-01-04,1175
90862.75,2021-01-05,763
571342.23,2020-12-26,5317
273416.1,2020-12-29,2539
91342.48,2021-01-06,761
320918.95,2020-12-27,2897
58188.8,2021-02-22,506
33661.72,2021-01-10,291
43350.3,2021-01-04,378
71246.68,2021-01-07,605
74147.82,2021-01-08,655
69666.93,2020-12-08,593
43313.56,2020-12-06,366
63700.63,2021-01-09,545
85229.81,2020-12-11,752
37258.51,2020-12-13,335
49770.88,2020-12-14,438
95270.28,2020-12-15,845
435871.15,2020-12-31,3806
140572.28,2020-12-16,1219
88318.49,2020-12-10,768
83384.36,2020-12-09,712
76555.23,2020-11-18,688
82544.57,2020-11-21,754
69320.79,2020-11-19,613
88224.46,2020-11-17,781
79644.09,2020-11-20,692
210670.79,2020-12-17,1840
47256.64,2020-11-16,397
59028.45,2020-11-22,548
116930.04,2020-11-26,1060
95271.64,2020-11-03,812
99988.14,2020-11-24,881
55347.91,2020-11-23,499
86125.08,2020-11-28,757
114055.16,2020-10-30,970
87576.53,2020-11-25,762
52403.70,2020-11-01,459
120842.00,2020-10-27,1027
57629.46,2020-11-02,497
118885.15,2020-10-28,1055
102252.43,2020-11-04,882
116946.13,2020-11-05,1015
112435.71,2020-11-06,1075
76909.81,2020-11-27,678
95544.77,2020-11-07,838
26569.36,2020-10-09,241
21309.94 ,2020-10-07,194
65800.62,2020-10-10,560
18061.41 ,2020-10-08,164
87096.77,2020-10-13,876
103521.00,2020-10-31,891
150864.01,2020-10-15,1406
43307.57,2020-12-07,377
84137.30 ,2020-10-18,795
156994.15,2020-10-29,1413
163008.91,2020-10-14,1513
71285.64,2020-10-19,661
108866.77,2020-10-22,939
147381.10,2020-10-16,1382
112685.07 ,2020-10-17,992
93741.39 ,2020-10-11,843
106203.69,2020-10-23,925
98168.00,2020-10-21,850
49337.22 ,2020-09-20,418
61132.41,2020-10-12,578
37544.45,2020-09-21,328
64458.25,2020-09-23,548
71018.83,2020-09-24,600
106413.87 ,2020-09-19,934
86442.50,2020-10-20,775
100841.18,2020-09-17,881
99647.20,2020-09-26,876
54036.44,2020-09-27,473
66039.15,2020-09-01,578
97441.55,2020-08-28,852
127592.75,2020-09-18,1122
53542.44,2020-09-22,476
86328.08 ,2020-08-29,734
59180.48 ,2020-08-30,491
47341.49,2020-08-31,408
76345.73,2020-09-28,681
76563.66,2020-09-25,691
45289.16,2020-09-06,386
75993.31,2020-09-29,660
36240.57,2020-09-07,301
85035.97,2020-09-04,728
54740.68,2020-09-02,481
76527.57,2020-09-08,648
70111.12,2020-09-09,590
82516.27,2020-09-11,698
58071.82,2020-09-15,506
95486.04,2020-09-05,813
72446.19,2020-09-03,623
28638.58,2020-09-14,260
71607.18 ,2020-10-01,624
95874.62,2020-09-30,846
24565.11,2020-10-03,212
88510.56,2020-08-08,781
68878.41,2020-08-11,614
46098.39,2020-09-13,406
67213.58,2020-09-10,573
73763.90,2020-08-12,639
23957.25 ,2020-10-02,211
69818.85,2020-09-12,599
63804.74,2020-09-16,545
86598.27,2020-08-14,751
44155.52,2020-08-09,388
30177.88,2020-08-17,274
90515.06,2020-08-19,811
39840.09,2020-08-10,351
72776.51,2020-07-19,700
56890.40,2020-08-16,499
56530.91,2020-07-20,499
88507.53,2020-07-22,785
74998.50,2020-07-21,670
69779.97,2020-08-15,597
83511.35,2020-07-25,747
48575.79,2020-07-26,438
36401.55,2020-07-27,332
88230.87,2020-07-23,756
81264.40,2020-07-29,709
96901.77,2020-07-30,833
65640.12,2020-08-18,595
96171.55,2020-07-24,834
104329.68,2020-07-31,923
28085.80 ,2020-08-02,243
79717.06,2020-08-13,686
79899.96,2020-07-28,705
88708.16,2020-08-06,774
63789.71,2020-08-05,574
61628.36,2020-08-04,556
68907.04,2020-06-29,626
94830.39,2020-06-30,847
65697.16,2020-08-01,563
89436.26,2020-07-01,797
104453.00,2020-08-07,918
90786.32,2020-07-03,791
89814.82,2020-08-20,795
73355.80,2020-08-21,635
98143.74,2020-07-04,867
50021.94,2020-07-05,418
64920.17,2020-07-02,572
72531.79,2020-07-07,658
87001.52,2020-07-08,792
104581.09 ,2020-07-11,900
118739.74,2020-07-10,1023
28100.53,2020-08-03,256
82402.94,2020-07-14,732
47762.08 ,2020-07-12,416
82713.33,2020-07-15,717
83881.26,2020-08-22,682
110134.97,2020-07-09,993
83677.92,2020-06-13,704
93974.64,2020-07-17,816
42697.74,2020-08-23,371
99787.87,2020-07-16,883
89041.82,2020-07-18,772
42125.36,2020-07-13,377
52861.55,2020-06-11,466
48319.37,2020-06-14,418
30969.19,2020-06-15,274
38723.00,2020-06-09,345
82850.56,2020-06-19,704
45397.40,2020-06-10,410
64522.02,2020-06-21,575
46633.98,2020-06-16,396
73133.64,2020-05-21,614
78941.71,2020-06-18,694
70026.41,2020-06-17,610
95539.41,2020-06-20,830
72830.57,2020-05-20,639
114525.35,2020-05-24,992
4152.62,2020-05-26,50
7968.10,2020-05-27,75
89535.71,2020-05-22,754
18486.99,2020-05-28,162
54038.25,2020-06-12,457
21651.42,2020-05-29,175
68300.70,2020-04-30,612
39368.83,2020-05-25,336
42043.83,2020-05-01,376
176152.04,2020-05-23,1632
10299.18,2020-05-04,84
18162.37,2020-05-02,158
13258.78,2020-05-05,122
15106.41,2020-05-06,133
30049.14,2020-05-07,259
23824.20 ,2020-05-30,207
47408.47,2020-05-10,421
43770.21,2020-05-12,392
60740.11,2020-05-14,544
46851.01,2020-05-08,407
29440.07,2020-05-11,264
48195.13,2020-05-09,421
26503.79,2020-04-18,229
50891.10,2020-05-13,464
10645.07,2020-04-12,94
27665.58,2020-04-14,234
32271.44,2020-04-15,292
20215.06,2020-04-11,165
40991.05,2020-04-16,383
33504.00,2020-04-17,296
15292.75,2020-04-10,135
21121.43,2020-04-19,199
64106.49,2020-05-15,539
10409.09,2020-04-13,90
30610.58,2020-04-21,268
19525.37,2020-04-20,178
45891.64,2020-04-24,402
14328.21,2020-05-03,125
66260.49,2020-01-15,578
34775.53,2020-04-22,311
29259.45,2020-01-19,262
57016.27,2020-04-23,518
66152.14,2020-01-18,575
51023.83,2020-01-20,456
81105.68,2020-01-16,647
53608.05,2020-01-21,466
5686.62,2020-03-30,50
5441.04,2020-04-01,49
73500.47,2020-01-17,619
16714.77,2020-04-03,130
3991.70,2020-01-23,35
16519.07,2020-04-04,138
2614.64,2020-03-31,24
86736.05,2019-12-26,739
4535.82,2020-04-05,44
2364.86,2020-04-07,21
4393.78,2020-04-06,49
47091.59,2019-12-30,400
86397.41,2019-12-28,759
61152.21,2019-12-29,538
60389.63,2020-01-01,528
84716.20,2019-12-31,736
35925.32,2020-01-02,311
102705.72,2019-12-27,898
50289.57,2020-01-05,423
72104.31,2020-01-03,618
32998.36,2020-01-06,287
51279.45,2019-12-10,452
82981.80,2020-01-04,707
102905.6,2019-12-08,899
90521.86,2019-12-12,769
3787.87,2020-04-02,34
33001.60,2020-01-22,287
87195.34,2019-12-15,761
57618.37,2019-12-16,487
73670.34,2019-12-13,646
62908.13,2019-12-09,539
81586.84,2019-12-11,710
94327.28,2019-12-18,846
82871.72,2019-12-20,733
80474.53,2019-12-14,713
36535.03,2019-12-17,319
94929.85,2019-12-19,865
50091.35,2020-07-06,461
68615.90,2019-12-17,601
75531.49,2019-12-21,651
51937.67,2019-12-22,447
77817.05,2019-12-24,678
95361.64,2019-11-17,836
68618.07,2019-11-20,603
44815.77,2019-12-23,397
119744.47,2019-11-22,1031
80164.39,2019-11-21,717
127234.64,2019-11-23,1110
30135.29,2019-11-18,249
99672.46,2019-11-27,862
40760.44,2019-11-25,364
29627.36,2019-11-19,262
120747.58,2019-11-28,1013
53981.39,2019-10-29,452
39725.78,2019-10-28,334
86528.72,2019-10-30,760
96991.09,2019-10-31,844
64129.84,2019-11-03,565
87436.66,2019-11-24,781
63959.28,2019-11-02,556
112125.96,2019-12-07,964
51788.61,2019-11-05,461
79045.80,2019-11-06,747
85510.80,2019-11-08,850
72581.04,2019-11-09,672
39129.76,2019-11-04,335
58109.91,2019-11-14,525
22891.97,2019-11-12,211
55828.31,2019-11-26,502
97861.65,2019-11-01,843
72814.03,2019-11-13,650
21359.06,2019-10-08,186
77594.83,2019-11-11,642
75272.18,2019-11-07,727
146751.60,2019-10-12,1341
69390.78,2019-11-15,643
35283.46,2019-10-09,318
15323.47,2019-11-11,124
132517.88,2019-10-13,1219
61931.89,2019-10-15,561
116536.49,2019-10-14,1020
105285.72,2019-10-19,924
57277.43,2019-11-16,522
97711.08,2019-10-16,891
86612.32,2019-10-20,764
146412.33,2019-10-11,1311
78609.71,2019-09-18,678
117361.22,2019-10-17,1042
87156.81,2019-09-19,742
74488.50,2019-10-10,671
36194.24,2019-09-23,345
32408.52,2019-09-24,292
106543.3,2019-09-22,963
86269.71,2019-09-20,761
99445.25,2019-09-21,877
78896.31,2019-09-26,693
91680.37,2019-09-27,815
56796.93,2019-09-25,496
70977.63,2019-08-30,607
92716.97,2019-08-29,814
98329.58,2019-08-31,868
64869.68,2019-09-28,584
106336.53,2019-10-18,956
92856.56,2019-09-01,833
101257.26,2019-09-06,921
90671.90,2019-09-07,823
40436.00,2019-09-03,360
101287.51,2019-09-08,883
66392.80,2019-09-11,564
110122.14,2019-09-13,938
63460.76,2019-09-05,573
87273.27,2019-09-14,762
43637.41,2019-09-15,396
53371.73,2019-09-04,478
37050.79,2019-09-09,328
54023.18,2019-09-02,475
108479.49,2019-09-12,908
32085.79,2019-09-10,281
32517.39,2019-08-13,297
29408.56,2019-08-12,248
26522.86,2019-09-16,226
88677.09,2019-08-10,764
60222.03,2019-09-17,549
87965.18,2019-08-09,775
68067.24,2019-08-16,609
76526.64,2019-08-17,686
69867.14,2019-08-15,620
55286.25,2019-08-14,497
70577.97,2019-08-18,636
45329.36,2019-07-23,409
35023.98,2019-08-19,327
100739.04,2019-07-21,911
50484.47,2019-08-20,459
88661.09,2019-07-25,776
123236.89,2019-07-20,1124
56324.86,2019-09-29,481
54437.47,2019-07-22,470
70851.66,2019-08-21,639
93868.05,2019-07-27,855
67321.8,2019-07-24,612
57009.31,2019-07-29,538
38139.91,2019-07-30,345
108962.95,2019-08-01,953
90793.66,2019-07-26,819
73344.11,2019-07-31,675
181482.31,2019-07-01,1674
123028.36,2019-07-05,1137
119770.07,2019-07-06,1112
62267.09,2019-07-03,553
51875.57,2019-07-09,494
104922.13,2019-07-28,941
96740.09,2019-07-07,908
62605.11,2019-07-10,565
82791.16,2019-07-02,785
86802.27,2019-08-11,737
83557.88,2019-07-12,781
80198.95,2019-07-13,749
78361.29,2019-07-14,700
142803.96,2019-07-04,1236
195311.85,2019-06-30,1812
27065.03,2019-06-11,235
88879.25,2019-06-13,789
62477.93,2019-06-12,546
90328.25,2019-06-15,794
38590.63,2019-06-17,319
43538.94,2019-06-18,373
81260.71,2019-06-19,684
71516.50,2019-07-08,705
90560.83,2019-07-11,855
56946.33,2019-06-21,494
78293.33,2019-06-14,683
63422.94,2019-06-22,555
87198.15,2019-06-23,788
52030.14,2019-06-24,465
53103.73,2019-05-22,493
53692.67,2019-05-23,484
24500.74,2019-06-10,202
80889.04,2019-05-25,721
66534.12,2019-05-24,583
25633.41,2019-05-27,206
60674.13,2019-05-26,504
81207.28,2019-06-20,692
29032.33,2019-05-28,253
81136.12,2019-06-16,698
71145.84,2019-06-02,659
68442.41,2019-06-01,620
53014.79,2019-06-05,476
24506.92,2019-05-21,217
80404.21,2019-05-01,696
52197.62,2019-05-02,461
55412.49,2019-05-29,486
13057.21,2019-05-04,123
39364.71,2019-06-03,370
12399.63,2019-05-05,112
25993.61,2019-05-06,236
25989.49,2019-05-03,230
54626.87,2019-05-31,474
84837.95,2019-05-08,776
61718.79,2019-05-07,552
88124.61,2019-05-11,809
38267.69,2019-06-04,333
21021.94,2019-05-13,184
51114.50,2019-04-12,474
91499.92,2019-05-09,816
70159.29,2019-04-13,616
43584.22,2019-04-11,403
80849.01,2019-05-10,750
62725.93,2019-04-14,556
31520.12,2019-04-15,270
65947.51,2019-04-18,592
83786.91,2019-04-20,752
74223.35,2019-04-19,680
82337.25,2019-04-21,717
39018.94,2019-04-23,344
49821.96,2019-04-25,439
57463.58,2019-04-17,497
39359.74,2019-04-16,350
82724.9,2019-04-28,711
57885.96,2019-05-12,513
33820.59,2019-04-24,301
39761.03,2019-04-22,340
77054.12,2019-04-27,679
74362.03,2019-04-26,669
54035.50,2019-03-22,515
45666.52,2019-03-23,413
43997.51,2019-03-24,382
33036.96,2019-03-26,298
44376.32,2019-03-27,424
77028.11,2019-03-28,697
22154.34,2019-04-01,189
29359.96,2019-04-02,268
88399.76,2019-03-30,773
44839.30,2019-04-29,390
55465.29,2019-03-31,499
53905.53,2019-04-03,487
50155.93,2019-03-02,444
45876.49,2019-03-06,415
34282.82,2019-03-05,311
32921.66,2019-03-03,291
51009.65,2019-03-07,460
53169.66,2019-03-08,493
43880.48,2019-03-10,402
64460.58,2019-03-09,599
18597.99,2019-03-11,169
28485.48,2019-03-25,264
71636.93,2019-03-14,640
22993.28,2019-03-12,203
50180.35,2019-03-15,455
63411.21,2019-03-13,547
28680.54,2019-03-18,269
51779.65,2019-03-16,473
14130.53,2019-02-03,121
60187.64,2019-02-19,484
8591.42,2019-02-04,71
48120.78,2019-02-13,404
9283.72,2019-02-12,84
89652.82,2019-05-30,770
44863.37,2019-02-16,408
26390.11,2019-02-15,239
32945.03,2019-02-14,302
52779.74,2019-02-18,444
51842.65,2019-02-20,466
15321.09,2019-03-04,145
61965.26,2019-02-21,561
48202.75,2019-03-17,436
45025.93,2019-02-25,389
80322.04,2019-02-22,726
66930.46,2019-02-24,588
60364.43,2019-02-27,556
58856.48,2019-02-17,506
78319.09,2019-02-28,686
62246.66,2019-03-01,557
90546.74,2019-04-05,820
37916.9,2019-03-20,335
38722.65,2019-03-19,333
30416.44,2019-01-16,279
43856.59,2019-02-26,374
119873.83,2019-02-23,1118
21876.15,2019-01-14,190
80475.75,2019-03-29,736
63210.59,2019-03-21,585
58288.98,2019-01-18,499
30497.25,2019-01-20,270
20385.13,2019-01-21,174
47500.86,2019-01-17,432
18171.54,2019-01-22,169
28227.61,2019-01-15,251
69538.83,2019-01-25,635
46330.44,2019-01-23,433
16394.99,2019-01-28,153
84941.64,2019-01-26,806
57609.05,2019-01-24,511
51680.86,2019-01-27,488
43528.35,2019-01-30,381
126863.69,2018-12-26,974
112219.50,2018-12-27,901
109513.96,2018-12-31,972
54199.22,2019-01-19,482
55123.05,2019-01-01,498
65525.13,2018-12-25,586
45489.59,2019-01-02,392
124579.01,2018-12-29,959
11794.10,2019-01-05,105
103652.92,2018-12-28,827
11473.65,2019-01-04,107
18633.44,2019-01-08,164
17446.92,2019-01-03,161
133702.60,2018-12-30,1102
78591.45,2019-04-04,696
81985.16,2018-12-06,705
68478.91,2018-12-08,605
46752.45,2018-12-09,417
97461.11,2018-12-07,858
23686.95,2019-01-29,214
38912.41,2018-12-11,343
41776.15,2018-12-13,373
72628.98,2018-12-15,637
58714.45,2018-12-16,523
90606.46,2018-12-05,784
41499.93,2018-12-14,377
39037.37,2018-12-17,346
43596.00,2018-12-19,411
56563.18,2018-12-12,540
59197.40,2018-12-20,542
14076.25,2019-01-07,128
10764.35,2019-01-06,100
60171.57,2018-12-21,586
57687.60,2018-11-15,568
49157.35,2018-11-19,418
57404.98,2018-11-16,571
69085.84,2018-11-17,693
70553.43,2018-11-18,638
65344.42,2018-11-21,588
52519.30,2018-11-20,483
39583.53,2018-12-18,366
77332.14,2018-11-23,744
93280.14,2018-11-25,853
105217.84,2018-11-29,939
105109.91,2018-11-28,948
89071.08,2018-11-24,825
88855.69,2018-11-30,801
92513.87,2018-12-02,844
89014.29,2018-11-22,854
79012.14,2018-12-04,688
61447.90,2018-12-03,571
45105.85,2018-12-24,426
58950.12,2018-12-22,576
27316.17,2019-01-10,232
26954.50,2019-01-09,241
46083.68,2018-11-27,437
32768.35,2019-01-13,292
25828.39,2019-01-11,228
53666.11,2018-11-26,492
52007.81,2019-01-31,473
91183.23,2018-12-01,817
71195.25,2018-10-28,667
93898.61,2018-10-27,855
29992.55,2019-02-02,263
40732.03,2018-10-29,375
68895.72,2018-10-30,619
64346.07,2018-11-01,619
88196.36,2018-10-31,823
51707.60,2018-11-03,498
66224.58,2018-11-02,646
61179.44,2018-11-05,604
31789.66,2019-01-12,289
56464.03,2018-10-26,502
35952.58,2018-10-06,309
102023.74,2018-11-04,1025
43488.01,2018-10-07,388
53610.49,2019-02-01,486
68418.89,2018-10-10,637
77211.79,2018-10-11,696
55147.78,2018-10-08,488
40496.24,2018-10-13,389
52361.69,2018-10-14,497
39743,2018-10-12,370
27194.01,2018-10-16,252
44353.77,2018-10-17,410
43423.52,2018-12-10,404
44449.24,2018-10-20,434
32550.24,2018-10-19,316
55311.51,2018-10-09,491
28591.55,2018-09-17,262
24057.88,2018-10-15,222
25203.22,2018-09-18,237
47426.21,2018-09-16,417
40546.97,2018-10-18,390
24970.04,2018-09-19,231
34170.07,2018-09-22,306
27075.23,2018-09-23,253
49778.84,2018-10-21,497
27812.06,2018-09-25,269
38464.88,2018-09-27,358
78132.19,2018-09-29,726
49975.23,2018-09-26,459
31379.49,2018-09-20,300
67210.86,2018-12-23,637
43694.03,2018-09-21,407
133379.26,2018-09-30,1233
77383.04,2018-08-27,722
72118.43,2018-08-28,644
66532.33,2018-08-29,608
91478.27,2018-08-31,841
134775.69,2018-10-01,1245
80485.81,2018-08-30,739
36880.52,2018-09-04,340
36686.74,2018-09-02,344
49182.82,2018-09-05,438
27834.24,2018-09-24,270
40637.63,2018-09-06,366
51156.92,2018-09-28,478
58462.33,2018-09-01,554
51998.49,2018-09-07,465
22470.25,2018-09-03,221
34586.63,2018-09-12,357
33168.17,2018-09-11,324
59824.60,2018-09-14,562
44928.72,2018-09-13,439
25308.45,2018-09-10,231
82349.02,2018-10-02,763
50161.38,2018-09-08,447
78031.87,2018-10-04,716
74380.89,2018-08-07,650
53945.93,2018-09-09,487
49810.76,2018-08-08,454
48854.56,2018-08-09,476
50367.11,2018-08-10,487
47446.84,2018-08-11,445
52065.35,2018-08-14,496
59970.87,2018-08-16,575
65796.53,2018-08-15,615
36931.90,2018-08-17,358
63837.24,2018-08-20,594
33855.28,2018-08-13,311
40166.04,2018-08-22,367
33680.78,2018-08-21,303
33975.15,2018-08-12,321
49560.50,2018-09-15,442
49365.28,2018-08-19,475
46444.94,2018-08-23,446
44815.18,2018-08-24,411
90550.34,2018-10-03,851
40881.62,2018-07-18,382
32764.71,2018-07-19,305
39665.19,2018-07-20,374
47933.30,2018-08-18,469
37544.35,2018-07-24,320
44219.87,2018-07-23,383
50182.94,2018-07-21,457
27215.67,2018-07-25,241
53885.93,2018-07-27,482
35166.07,2018-07-26,319
41333.42,2018-07-29,359
62449.92,2018-08-26,581
43084.55,2018-07-31,409
46293.71,2018-07-28,412
21993.71,2018-07-30,193
66501.02,2018-08-04,648
31189.47,2018-08-02,297
41015.06,2018-08-03,393
50247.93,2018-10-05,445
27558.29,2018-08-01,260
25242.96,2018-10-22,238
30307.13,2018-10-24,263
82410.28,2018-08-06,754
34015.43,2018-10-23,270
44023.21,2018-11-07,416
33483.87,2018-10-25,293
72981.61,2018-08-25,661
35577.04,2018-11-06,342
24277.82,2018-07-02,230
96037.66,2018-07-01,857
104193.40,2018-06-29,925
129760.33,2018-06-30,1136
37820.50,2018-06-28,361
62592.46,2018-07-06,593
57817.12,2018-07-07,559
61784.34,2018-07-08,582
39727.18,2018-07-09,377
35695.99,2018-07-04,322
69184.55,2018-06-08,650
45276.37,2018-06-11,442
23512.34,2018-07-03,244
51572.27,2018-06-10,504
43119.97,2018-06-12,406
110206.08,2018-08-05,1009
57539.87,2018-06-09,545
46590.81,2018-06-13,439
30475.28,2018-06-17,280
11624.39,2018-06-19,129
20234.39,2018-06-18,194
58618.46,2018-06-14,562
63339.33,2018-07-05,679
17618.56,2018-06-20,182
22279.93,2018-06-21,231
49250.79,2018-06-15,468
22629.44 ,2018-05-21,209
34198.98 ,2018-05-20,316
29536.39,2018-06-16,269
40266.00,2018-07-22,359
39438.23 ,2018-05-23,360
37665.40 ,2018-05-25,358
30874.76 ,2018-05-25,292
38548.17 ,2018-05-26,365
73584.55 ,2018-05-27,665
60406.48 ,2018-05-29,567
16717.24 ,2018-05-22,165
28942.35 ,2018-05-23,273
66607.25 ,2018-06-02,591
55368,2018-06-03,493
38709.12 ,2018-05-19,357
88310.91 ,2018-06-01,799
66217.87 ,2018-06-05,601
42197.81 ,2018-05-30,379
96338.35 ,2018-06-05,791
26952.77 ,2018-04-29,252
16213.88 ,2018-04-30,147
54594.61 ,2018-05-04,501
15052.92,2018-05-02,142
13789.03,2018-05-01,125
65994.45 ,2018-05-05,624
55197.30 ,2018-05-06,517
53870.56 ,2018-05-08,500
47925.73 ,2018-05-09,462
25843.33 ,2018-05-03,240
69955.11 ,2018-05-09,652
70741.79,2018-06-04,631
28615.67 ,2018-05-07,267
41919.46 ,2018-04-10,378
61348.65 ,2018-05-30,585
25459.87 ,2018-04-15,244
52571.18 ,2018-04-12,487
33182.50 ,2018-04-14,313
53687.93 ,2018-04-11,486
62491.97,2018-04-18,573
11002.04 ,2018-04-16,105
25031.06,2018-04-17,226
32579.65,2018-04-09,296
72524.60 ,2018-04-20,654
33412.18 ,2018-04-23,302
72244.90,2018-04-19,636
59853.12 ,2018-04-26,565
48964.89 ,2018-04-24,449
40843.62 ,2018-04-13,377
46349.86 ,2018-04-21,416
45069.92 ,2018-04-27,435
46587.55 ,2018-04-22,421
40228.13 ,2018-04-26,364
34121.06,2018-02-28,308
34341.07,2018-03-02,301
21081.44,2018-03-05,191
26249.39,2018-03-05,237
27922.15 ,2018-03-09,267
25088.69,2018-03-03,231
28242.83,2018-03-10,272
27271.95,2018-03-06,248
38017.39,2018-03-11,332
54060.66,2018-01-31,516
55210.72,2018-02-01,487
32369.59,2018-03-03,303
44066.20 ,2018-04-28,427
34028.13 ,2018-03-08,318
29778.25,2018-03-10,272
12687.99,2018-02-12,125
4310.97,2018-02-23,38
24280.04,2018-02-25,213
9897.18,2018-02-14,95
18066.33,2018-02-26,161
23122.58,2018-02-27,211
24748.48,2018-02-11,224
66294.65 ,2018-04-04,577
3446.27,2018-02-15,30
16724.04,2018-02-13,156
55364.04,2018-01-07,513
13836.10,2018-02-24,125
76053.01,2018-01-14,700
82450.93,2018-01-12,751
88371.10,2018-01-11,850
53187.72,2018-01-17,485
75729.95,2018-01-15,703
71618.75,2018-01-06,676
41428.81,2018-01-19,381
49610.45,2017-12-17,464
75511.42,2018-01-09,728
70120.40,2018-01-22,631
28668.30,2017-12-18,273
59387.41,2018-01-08,560
65517.38,2017-12-21,620
66865.66,2018-01-13,622
88324.51,2017-12-24,821
57456.68,2017-12-20,527
49970.03,2017-12-25,493
32913.09,2017-12-19,314
80118.90,2017-12-27,750
64759.71,2017-12-26,621
96143.61,2017-12-29,897
62077.92,2017-12-22,563
81544.98,2017-12-28,756
70961.08,2017-12-31,651
99675.35,2017-12-30,923
81442.26,2017-12-23,775
50250.99,2017-12-16,491
21462.12,2018-01-02,200
54769.39,2017-12-14,516
77954.68,2017-12-15,727
41022.52,2017-12-13,393
63437.32,2018-01-04,624
66118.80,2018-01-05,638
52657.59,2018-01-01,486
67656.60,2018-01-23,647
52407.83,2018-01-24,491
45059.21,2018-01-26,415
59183.35,2018-01-25,558
45570.55,2018-01-03,432
71244.91,2018-01-27,697
45657.64,2018-04-05,398
28839.63,2018-01-30,274
26182.7,2018-05-13,236
44941.78,2018-01-28,432
57484.72 ,2018-05-11,543
14755.51,2018-04-07,147
16297.01,2018-04-08,162
33714.42,2018-05-12,316
23529.63 ,2018-05-15,221
38213.48 ,2018-05-16,348
65575.28,2018-06-07,598
18417.46,2018-01-29,170
23749.66 ,2018-05-18,216
39050.80,2018-06-23,401
16410.66,2018-05-14,139
90465.38,2018-06-25,833
53174.84,2018-06-27,513
47776.25,2018-07-10,450
41722.34,2018-07-11,371
26024.48,2018-04-06,232
34896.49,2018-07-13,340
41863.12,2018-06-22,423
26810.11 ,2018-05-16,251
44400.66,2018-07-17,422
29253.72,2018-07-16,267
32111.79,2018-07-15,299
64999.98,2018-06-24,648
56113.56,2018-11-10,555
34753.43,2018-07-12,331
47633.71,2018-11-11,483
58725.72,2018-11-13,551
41768.22,2018-11-08,398
53285.04,2018-11-12,504
27446.54,2019-04-07,236
55486.00,2019-04-06,500
27847.80,2018-07-14,260
60362.17,2018-11-09,600
29889.15,2019-04-09,265
24119.87,2019-04-08,203
68596.68,2019-04-30,608
32354.95,2019-05-14,276
77415.91,2018-11-14,713
25578.66,2019-05-20,205
74992.61,2019-05-19,663
80458.47,2019-05-16,716
94496.22,2019-06-06,858
88622.94,2019-05-17,811
77623.80,2019-06-08,692
35943.51,2019-06-09,314
96730.54,2018-06-26,931
42711.05,2019-06-25,373
109490.24,2019-06-07,994
103857.32,2019-05-18,971
44356.62,2019-07-15,384
100581.41,2019-06-27,904
62449.60,2019-05-15,567
216946.10,2019-06-29,2160
83181.91,2019-07-17,804
54277.21,2019-04-10,486
87376.67,2019-07-18,824
125327.55,2019-06-28,1261
103157.78,2019-08-04,920
54167.63,2019-08-05,488
44113.50,2019-07-16,418
51674.28,2019-08-06,460
93440.11,2019-08-07,828
88275.68,2019-08-08,809
101417.88,2019-08-24,880
71179.88,2019-08-23,625
109617.42,2019-06-26,998
37219.56,2019-08-26,315
99547.16,2019-08-02,887
96728.92,2019-08-28,812
48400.96,2019-09-30,452
67234.16,2019-08-22,601
29547.01,2019-08-27,247
106484.03,2019-08-03,930
48546.68,2019-10-01,434
92602.7,2019-10-02,764
95497.31,2019-07-19,874
37953.35,2019-10-04,331
22669.06,2019-10-06,198
25027.76,2019-10-07,228
59951.05,2019-10-21,521
89489.89,2019-10-23,812
92842.93,2019-10-24,820
114321.61,2019-10-26,990
99462.51,2019-10-25,888
113809.00,2019-12-01,988
20486.51,2019-10-05,167
81101.21,2019-10-27,736
55887.85,2019-12-03,491
66667.64,2019-12-02,546
111455.29,2019-11-29,940
107760.60,2019-12-05,932
76031.26,2019-10-03,601
109829.61,2019-12-06,973
136650.99,2019-11-30,1228
75054.32,2019-08-25,618
83674.62,2020-01-08,752
89090.52,2019-12-25,770
61020.67,2020-01-11,537
77348.09,2020-01-10,671
35704.81,2020-01-12,317
42853.07,2020-01-13,370
88271.36,2020-01-14,665
23776.74,2020-04-26,230
67726.86,2020-01-07,605
99730.07,2020-01-09,889
40298.89,2020-04-28,364
3481.69,2020-04-08,31
48999.04,2020-04-29,445
38883.71,2020-04-25,334
27790.71,2020-05-18,241
54513.10,2020-05-19,479
16896.99 ,2020-05-31,151
30964.18,2020-04-27,284
6203.77,2020-06-01,54
10626.65,2020-06-02,95
7931.12,2020-04-09,68
14802.62,2020-06-03,136
20076.55,2020-06-04,171
76573.57,2019-12-04,671
29302.41,2020-06-05,259
41039.24,2020-06-07,363
36878.87,2020-06-06,336
26059.18,2020-06-08,241
81963.20,2020-06-23,730
32918.42,2020-05-17,290
74232.28,2020-06-25,651
67031.86,2019-10-22,607
37851.99,2020-08-24,327
67475.41,2020-08-25,586
77514.66,2020-06-24,674
55342.31,2020-05-16,471
17301.68,2020-10-04,161
78430.03,2020-08-27,664
33941.37,2020-06-28,300
19492.89,2020-10-06,195
42623.06,2020-06-26,364
54377.78,2020-10-26,485
48410.77,2020-10-25,419
52937.54,2020-11-09,467
71410.36,2020-08-26,593
89697.9,2020-11-11,772
68478.42,2020-11-12,591
37087.25,2020-06-22,327
95625.26,2020-10-24,824
18258.56,2020-10-05,191
74505.79,2020-11-13,646
28892.72,2020-06-27,258
65973.59,2020-11-14,586
77719.06,2020-12-02,662
58317.01,2020-11-30,506
80747.42,2020-12-03,702
134879.8,2020-12-18,1188
67047.51,2020-11-10,573
82836.32,2020-12-05,726
77931.26,2020-12-20,670
85867.86,2020-12-01,754
102847,2020-12-22,901
103726.68,2020-12-23,896
42473.37,2020-11-15,376
404798.64,2020-12-25,3970
116151.51,2020-12-24,1025
87587.16,2020-12-19,767
67019.8,2021-01-12,575
72875.45,2020-12-21,644
75140.65,2020-12-04,639
60602.58,2021-01-14,534
69334.34,2021-01-13,613
44092.07,2021-01-11,370
39803.3,2020-11-08,359
71727.29,2021-02-03,607
54291.12,2021-02-04,435
55237.04,2021-02-05,471
74324.46,2020-11-29,627
73668.49,2021-01-15,663
65587.35,2021-01-16,567
61839.35,2021-03-13,543
45956.35,2021-03-15,407
72959.11,2021-04-01,620
31643.14,2021-04-04,278
69130.98,2021-04-03,599
92130.34,2021-04-02,778
47311.61,2021-04-06,414
29795.78,2021-04-05,256
36536.90,2021-03-14,315
107352.81,2021-04-21,944
99339.82,2021-04-22,855
65766.09,2021-04-25,575
101553.66,2021-04-23,831
82149.2,2021-03-16,715
80272.84,2021-05-29,679
49990.22,2021-05-30,425
82219.05,2021-03-17,712
60933.69,2021-05-31,521
106168.75,2021-04-26,898
87924.45,2021-06-01,743
58553.28,2021-05-16,518
100495.68,2021-06-03,836
81260.38,2021-05-15,678
93856.61,2021-06-05,756
89446.72,2021-05-28,777
76970.35,2021-06-18,636
79500.49,2021-06-22,678
47711.42,2021-06-21,407
78965.43,2021-06-23,661
69365.66,2021-06-25,578
104991.37,2021-04-24,899
93214.84,2021-06-04,741
106390.15,2021-12-18,877
39994.14,2021-06-20,335
58430.35,2021-12-21,479
81565.26,2021-06-24,702
69446.43,2021-06-19,553
21043.48,2022-01-29,173
52615.11,2022-01-28,455
298914.59,2021-12-22,2747
42538.62,2021-12-20,377
86195.05,2021-06-02,717
43966.99,2022-03-25,399
1137.80,2022-01-31,10
51821.89,2021-12-19,477
58963.17,2022-03-26,538
25826.76,2022-03-27,226
34418.96,2022-01-26,290
67996.06,2022-03-30,638
22692.81,2022-03-28,203
90504.74,2022-03-31,782
107681.09,2022-04-19,1152
10178.42,2022-01-30,79
23250.77,2022-04-21,192
73535.62,2022-03-29,722
32666.66,2022-01-27,274
31571.36,2022-05-06,281
77188.22,2022-04-01,754
22925.05,2022-05-09,201
50848.66,2022-05-10,467
35896.20,2022-05-28,313
27342.78,2022-05-29,231
40006.78,2022-05-08,339
40480.17,2022-05-07,350
19336.13,2022-05-05,172
27044.67,2022-05-30,226
38286.42,2022-05-31,325
41588.68,2022-07-02,390
30276.93,2022-07-03,284
20810.50,2022-07-04,189
49910.02,2022-07-07,455
143850.99,2022-07-01,1226
20771.44,2022-07-10,180
44066.57,2022-07-06,399
54922.36,2022-04-20,562
57269.84,2022-07-05,526
37087.1,2022-07-27,319
28278.11,2022-07-25,267
43169.67,2022-07-09,375
38280.38,2022-07-23,338
55986.69,2022-07-28,480
44996.21,2022-07-26,416
44673.56,2022-07-29,372
65156.82,2022-05-11,549
36792.4,2022-08-19,338
61666.21,2022-09-25,542
56259.07,2022-09-24,505
23535.83,2022-09-08,200
32557.86,2022-08-18,284
33744.78,2022-09-28,277
49229.34,2022-07-08,450
28784.39,2022-09-27,249
47964.27,2022-10-15,419
51962.30,2022-07-30,459
25020.33,2022-07-24,212
28284.90,2022-10-16,247
33259.66,2022-10-18,298
21127.02,2022-11-02,191
19380.07,2022-10-17,173
18517.91,2022-09-26,159
20155.77,2022-11-03,168
39736.68,2022-10-14,351
41798.84,2022-11-04,364
18557.28,2022-11-05,159
14337,2022-11-07,115
13276.25,2022-11-21,113
18040.40,2022-11-20,155
25133.89,2022-11-22,207
15862.11,2022-11-27,137
37205.95,2022-10-13,326
23457.78,2023-01-01,189
15248.51,2022-11-06,127
23681.96,2022-11-23,199
19658.77,2022-11-25,156
239844.72,2022-12-31,2392
22323.15,2023-01-04,190
27474.39,2022-11-26,235
27269.78,2023-01-05,231
38933.53,2023-01-06,328
1208.75,2023-01-26,11
71162.81,2023-02-11,647
30470.61,2023-02-12,273
51715.73,2023-02-13,514
10077.21,2023-01-03,76
41430.23,2023-02-15,353
333.89,2023-01-25,2
4800.42,2023-01-02,38
47394.28,2023-02-14,443
18261.81,2022-11-24,151
